ID,CNG ID,Source,Destination,Arrival Time,Boarding Time,Trip Start Time,Departure Time,Queue Delay,Halting Delay,Road Delay,Waiting Time,Total Delay
2,11,Station Road,Kamarpara,1.0321,1.0321,1.1321,1.18051,0,0.1,0.0484172,0.1,0.148417
3,16,Station Road,Kamarpara,1.03709,1.03709,1.13709,1.58225,0,0.1,0.445152,0.1,0.545152
7,7,Kamarpara,Station Road,4.99629,4.99629,6.4561,7.13274,0,1.4598,0.676643,1.4598,2.13645
11,7,Kamarpara,Station Road,6.3561,6.3561,6.4561,7.13274,0,0.1,0.676643,0.1,0.776643
13,6,Kamarpara,Station Road,7.14961,7.14961,7.24961,7.31026,0,0.1,0.0606502,0.1,0.16065
8,17,Station Road,Kamarpara,5.80077,5.80077,8.58648,9.07672,0,2.78571,0.490234,2.78571,3.27595
18,17,Station Road,Kamarpara,8.48648,8.48648,8.58648,9.07672,0,0.1,0.490234,0.1,0.590234
20,1,Kamarpara,Station Road,9.48886,9.48886,9.58886,9.90458,0,0.1,0.315713,0.1,0.415713
21,16,Kamarpara,Station Road,9.61465,9.61465,9.71465,10.1403,0,0.1,0.425643,0.1,0.525643
10,18,Station Road,Kamarpara,6.19884,6.19884,10.8112,11.054,0,4.61237,0.242799,4.61237,4.85517
17,18,Station Road,Kamarpara,8.3368,8.3368,10.8112,11.054,0,2.4744,0.242799,2.4744,2.7172
22,18,Station Road,Kamarpara,10.7112,10.7112,10.8112,11.054,0,0.1,0.242799,0.1,0.342799
23,1,Station Road,Kamarpara,11.138,11.138,11.238,11.2724,0,0.1,0.0343801,0.1,0.13438
27,11,Kamarpara,Station Road,20.3516,20.3516,20.4516,21.2301,0,0.1,0.778544,0.1,0.878544
31,1,Kamarpara,Station Road,22.769,22.769,22.869,23.3699,0,0.1,0.500838,0.1,0.600838
19,8,Kamarpara,Station Road,9.37393,9.37393,24.008,24.3943,0,14.6341,0.386269,14.6341,15.0203
26,8,Kamarpara,Station Road,18.9095,18.9095,24.008,24.3943,0,5.09846,0.386269,5.09846,5.48473
32,8,Kamarpara,Station Road,23.908,23.908,24.008,24.3943,0,0.1,0.386269,0.1,0.486269
44,6,Station Road,Kamarpara,31.2194,31.2194,31.3194,31.3587,0,0.1,0.0392122,0.1,0.139212
24,18,Kamarpara,Station Road,14.8603,14.8603,30.5666,32.628,0,15.7063,2.06137,15.7063,17.7677
30,18,Kamarpara,Station Road,21.9098,21.9098,30.5666,32.628,0,8.65682,2.06137,8.65682,10.7182
42,18,Kamarpara,Station Road,30.4666,30.4666,30.5666,32.628,0,0.1,2.06137,0.1,2.16137
33,17,Kamarpara,Station Road,24.8705,24.8705,30.4394,32.8247,0,5.56892,2.3853,5.56892,7.95422
41,17,Kamarpara,Station Road,30.3394,30.3394,30.4394,32.8247,0,0.1,2.3853,0.1,2.4853
36,2,Kamarpara,Station Road,27.689,27.689,29.7872,33.5337,0,2.09819,3.74654,2.09819,5.84473
39,2,Kamarpara,Station Road,29.6872,29.6872,29.7872,33.5337,0,0.1,3.74654,0.1,3.84654
9,5,Kamarpara,Station Road,5.93209,5.93209,32.7345,33.635,0,26.8024,0.9005,26.8024,27.7029
12,5,Kamarpara,Station Road,6.66305,6.66305,32.7345,33.635,0,26.0714,0.9005,26.0714,26.9719
29,5,Kamarpara,Station Road,20.9841,20.9841,32.7345,33.635,0,11.7504,0.9005,11.7504,12.6509
37,5,Kamarpara,Station Road,28.838,28.838,32.7345,33.635,0,3.89647,0.9005,3.89647,4.79697
46,5,Kamarpara,Station Road,32.6345,32.6345,32.7345,33.635,0,0.1,0.9005,0.1,1.0005
47,6,Kamarpara,Station Road,33.469,33.469,33.569,34.738,0,0.1,1.16901,0.1,1.26901
45,7,Station Road,Kamarpara,32.4933,32.4933,35.7009,36.0223,0,3.20762,0.321373,3.20762,3.52899
50,7,Station Road,Kamarpara,35.6009,35.6009,35.7009,36.0223,0,0.1,0.321373,0.1,0.421373
14,3,Kamarpara,Station Road,7.35236,7.35236,35.5113,37.0587,0,28.159,1.54734,28.159,29.7063
43,3,Kamarpara,Station Road,30.7935,30.7935,35.5113,37.0587,0,4.71788,1.54734,4.71788,6.26522
49,3,Kamarpara,Station Road,35.4113,35.4113,35.5113,37.0587,0,0.1,1.54734,0.1,1.64734
34,8,Station Road,Kamarpara,24.8785,24.8785,37.0369,37.0907,0,12.1585,0.0537818,12.1585,12.2123
38,8,Station Road,Kamarpara,29.0096,29.0096,37.0369,37.0907,0,8.02736,0.0537818,8.02736,8.08114
56,8,Station Road,Kamarpara,36.9369,36.9369,37.0369,37.0907,0,0.1,0.0537818,0.1,0.153782
60,16,Station Road,Kamarpara,39.1971,39.1971,39.2971,39.4577,0,0.1,0.16056,0.1,0.26056
61,1,Station Road,Kamarpara,39.5748,39.5748,39.6748,39.847,0,0.1,0.172195,0.1,0.272195
63,16,Kamarpara,Station Road,39.8653,39.8653,39.9653,39.9858,0,0.1,0.0205377,0.1,0.120538
16,14,Station Road,Kamarpara,7.84337,7.84337,39.7254,41.2149,0,31.8821,1.48951,31.8821,33.3716
35,14,Station Road,Kamarpara,26.9816,26.9816,39.7254,41.2149,0,12.7439,1.48951,12.7439,14.2334
48,14,Station Road,Kamarpara,34.4981,34.4981,39.7254,41.2149,0,5.22732,1.48951,5.22732,6.71683
62,14,Station Road,Kamarpara,39.6254,39.6254,39.7254,41.2149,0,0.1,1.48951,0.1,1.58951
64,16,Station Road,Kamarpara,41.1931,41.1931,41.2931,41.3751,0,0.1,0.0820141,0.1,0.182014
59,7,Kamarpara,Station Road,38.6029,38.6029,42.251,42.3092,0,3.64812,0.05821,3.64812,3.70633
65,7,Kamarpara,Station Road,42.151,42.151,42.251,42.3092,0,0.1,0.05821,0.1,0.15821
4,4,Kamarpara,Station Road,4.20729,4.20729,45.4972,47.2985,0,41.2899,1.80127,41.2899,43.0912
55,4,Kamarpara,Station Road,36.8226,36.8226,45.4972,47.2985,0,8.67459,1.80127,8.67459,10.4759
68,4,Kamarpara,Station Road,43.0874,43.0874,45.4972,47.2985,0,2.4098,1.80127,2.4098,4.21107
69,4,Kamarpara,Station Road,45.3972,45.3972,45.4972,47.2985,0,0.1,1.80127,0.1,1.90127
73,16,Kamarpara,Station Road,49.1697,49.1697,49.2697,49.4239,0,0.1,0.1542,0.1,0.2542
1,10,Kamarpara,Station Road,0.0750244,0.0750244,50.9313,51.1241,0,50.8563,0.192765,50.8563,51.0491
6,10,Kamarpara,Station Road,4.32833,4.32833,50.9313,51.1241,0,46.603,0.192765,46.603,46.7958
40,10,Kamarpara,Station Road,29.8867,29.8867,50.9313,51.1241,0,21.0447,0.192765,21.0447,21.2374
74,10,Kamarpara,Station Road,49.4022,49.4022,50.9313,51.1241,0,1.52909,0.192765,1.52909,1.72185
75,10,Kamarpara,Station Road,50.8313,50.8313,50.9313,51.1241,0,0.1,0.192765,0.1,0.292765
82,1,Kamarpara,Station Road,54.6448,54.6448,54.7448,55.0222,0,0.1,0.277462,0.1,0.377462
80,16,Station Road,Kamarpara,54.5201,54.5201,54.6201,55.2765,0,0.1,0.656423,0.1,0.756423
70,7,Station Road,Kamarpara,46.0347,46.0347,53.5482,55.6622,0,7.51345,2.11406,7.51345,9.6275
77,7,Station Road,Kamarpara,53.4482,53.4482,53.5482,55.6622,0,0.1,2.11406,0.1,2.21406
52,17,Station Road,Kamarpara,35.7959,35.7959,55.0668,56.3825,0,19.271,1.31568,19.271,20.5866
83,17,Station Road,Kamarpara,54.9668,54.9668,55.0668,56.3825,0,0.1,1.31568,0.1,1.41568
86,16,Kamarpara,Station Road,58.5935,58.5935,58.6935,59.4595,0,0.1,0.765949,0.1,0.865949
89,11,Station Road,Kamarpara,61.8667,61.8667,61.9667,63.1689,0,0.1,1.2022,0.1,1.3022
91,6,Station Road,Kamarpara,63.7831,63.7831,63.8831,66.0657,0,0.1,2.18255,0.1,2.28255
67,8,Kamarpara,Station Road,42.8259,42.8259,65.2078,66.2227,0,22.3819,1.01486,22.3819,23.3968
76,8,Kamarpara,Station Road,51.5036,51.5036,65.2078,66.2227,0,13.7042,1.01486,13.7042,14.7191
92,8,Kamarpara,Station Road,65.1078,65.1078,65.2078,66.2227,0,0.1,1.01486,0.1,1.11486
72,14,Kamarpara,Station Road,47.9975,47.9975,65.7486,70.2134,0,17.7511,4.46472,17.7511,22.2158
78,14,Kamarpara,Station Road,54.1232,54.1232,65.7486,70.2134,0,11.6254,4.46472,11.6254,16.0901
79,14,Kamarpara,Station Road,54.4281,54.4281,65.7486,70.2134,0,11.3206,4.46472,11.3206,15.7853
93,14,Kamarpara,Station Road,65.6486,65.6486,65.7486,70.2134,0,0.1,4.46472,0.1,4.56472
94,11,Kamarpara,Station Road,65.7619,65.7619,65.8619,70.7719,0,0.1,4.90998,0.1,5.00998
53,20,Station Road,Kamarpara,36.624,36.624,69.9474,71.0391,0,33.3234,1.09175,33.3234,34.4152
57,20,Station Road,Kamarpara,37.0527,37.0527,69.9474,71.0391,0,32.8947,1.09175,32.8947,33.9864
90,20,Station Road,Kamarpara,62.2004,62.2004,69.9474,71.0391,0,7.74702,1.09175,7.74702,8.83878
96,20,Station Road,Kamarpara,66.754,66.754,69.9474,71.0391,0,3.19343,1.09175,3.19343,4.28518
97,20,Station Road,Kamarpara,69.8474,69.8474,69.9474,71.0391,0,0.1,1.09175,0.1,1.19175
99,6,Kamarpara,Station Road,71.2602,71.2602,71.3602,71.9488,0,0.1,0.58852,0.1,0.68852
85,18,Station Road,Kamarpara,58.4891,58.4891,75.5957,76.4607,0,17.1066,0.865023,17.1066,17.9716
103,18,Station Road,Kamarpara,75.1264,75.1264,75.5957,76.4607,0,0.46934,0.865023,0.46934,1.33436
105,18,Station Road,Kamarpara,75.4957,75.4957,75.5957,76.4607,0,0.1,0.865023,0.1,0.965023
98,17,Kamarpara,Station Road,70.6259,70.6259,76.9803,77.0952,0,6.3544,0.114865,6.3544,6.46927
109,17,Kamarpara,Station Road,76.8803,76.8803,76.9803,77.0952,0,0.1,0.114865,0.1,0.214865
87,9,Kamarpara,Station Road,58.8011,58.8011,76.7542,77.1466,0,17.9531,0.392363,17.9531,18.3455
88,9,Kamarpara,Station Road,60.89,60.89,76.7542,77.1466,0,15.8642,0.392363,15.8642,16.2565
100,9,Kamarpara,Station Road,73.3829,73.3829,76.7542,77.1466,0,3.37134,0.392363,3.37134,3.7637
107,9,Kamarpara,Station Road,76.6542,76.6542,76.7542,77.1466,0,0.1,0.392363,0.1,0.492363
112,18,Kamarpara,Station Road,79.3559,79.3559,81.0214,81.158,0,1.66544,0.136674,1.66544,1.80212
113,18,Kamarpara,Station Road,80.4658,80.4658,81.0214,81.158,0,0.555542,0.136674,0.555542,0.692216
114,18,Kamarpara,Station Road,80.9214,80.9214,81.0214,81.158,0,0.1,0.136674,0.1,0.236674
54,2,Station Road,Kamarpara,36.7713,36.7713,77.5708,81.5613,0,40.7995,3.99043,40.7995,44.7899
111,2,Station Road,Kamarpara,77.4708,77.4708,77.5708,81.5613,0,0.1,3.99043,0.1,4.09043
115,7,Kamarpara,Station Road,81.4758,81.4758,81.6449,84.2391,0,0.169114,2.59416,0.169114,2.76328
116,7,Kamarpara,Station Road,81.5449,81.5449,81.6449,84.2391,0,0.1,2.59416,0.1,2.69416
15,15,Station Road,Kamarpara,7.4453,7.4453,83.4179,84.2618,0,75.9726,0.843866,75.9726,76.8165
25,15,Station Road,Kamarpara,15.4617,15.4617,83.4179,84.2618,0,67.9563,0.843866,67.9563,68.8001
58,15,Station Road,Kamarpara,37.4614,37.4614,83.4179,84.2618,0,45.9566,0.843866,45.9566,46.8004
117,15,Station Road,Kamarpara,81.8968,81.8968,83.4179,84.2618,0,1.52111,0.843866,1.52111,2.36498
119,15,Station Road,Kamarpara,83.3179,83.3179,83.4179,84.2618,0,0.1,0.843866,0.1,0.943866
123,11,Station Road,Kamarpara,87.4218,87.4218,87.5218,87.6448,0,0.1,0.123046,0.1,0.223046
5,12,Station Road,Kamarpara,4.32226,4.32226,88.1743,89.5773,0,83.8521,1.40291,83.8521,85.255
124,12,Station Road,Kamarpara,88.0743,88.0743,88.1743,89.5773,0,0.1,1.40291,0.1,1.50291
104,20,Kamarpara,Station Road,75.3987,75.3987,90.4244,91.6877,0,15.0257,1.26335,15.0257,16.289
106,20,Kamarpara,Station Road,75.7698,75.7698,90.4244,91.6877,0,14.6545,1.26335,14.6545,15.9179
108,20,Kamarpara,Station Road,76.8151,76.8151,90.4244,91.6877,0,13.6093,1.26335,13.6093,14.8726
118,20,Kamarpara,Station Road,82.841,82.841,90.4244,91.6877,0,7.58341,1.26335,7.58341,8.84676
127,20,Kamarpara,Station Road,90.3244,90.3244,90.4244,91.6877,0,0.1,1.26335,0.1,1.36335
133,1,Station Road,Kamarpara,94.2776,94.2776,94.3776,94.9845,0,0.1,0.606918,0.1,0.706918
122,2,Kamarpara,Station Road,86.3874,86.3874,93.7211,95.2673,0,7.33378,1.54616,7.33378,8.87994
129,2,Kamarpara,Station Road,93.6211,93.6211,93.7211,95.2673,0,0.1,1.54616,0.1,1.64616
134,6,Station Road,Kamarpara,94.5338,94.5338,94.6338,97.3478,0,0.1,2.714,0.1,2.814
136,1,Kamarpara,Station Road,95.8344,95.8344,95.9344,98.3909,0,0.1,2.45646,0.1,2.55646
128,15,Kamarpara,Station Road,93.2707,93.2707,98.0848,98.4817,0,4.8141,0.396966,4.8141,5.21106
130,15,Kamarpara,Station Road,94.0739,94.0739,98.0848,98.4817,0,4.0109,0.396966,4.0109,4.40786
131,15,Kamarpara,Station Road,94.0913,94.0913,98.0848,98.4817,0,3.99349,0.396966,3.99349,4.39045
132,15,Kamarpara,Station Road,94.1576,94.1576,98.0848,98.4817,0,3.92716,0.396966,3.92716,4.32413
138,15,Kamarpara,Station Road,97.9848,97.9848,98.0848,98.4817,0,0.1,0.396966,0.1,0.496966
71,3,Station Road,Kamarpara,46.098,46.098,98.2767,98.7792,0,52.1787,0.502433,52.1787,52.6811
120,3,Station Road,Kamarpara,85.2741,85.2741,98.2767,98.7792,0,13.0026,0.502433,13.0026,13.5051
139,3,Station Road,Kamarpara,98.1767,98.1767,98.2767,98.7792,0,0.1,0.502433,0.1,0.602433
137,12,Kamarpara,Station Road,96.5954,96.5954,99.6969,100.232,0,3.10151,0.535363,3.10151,3.63687
141,12,Kamarpara,Station Road,99.5969,99.5969,99.6969,100.232,0,0.1,0.535363,0.1,0.635363
143,11,Kamarpara,Station Road,99.9457,99.9457,100.046,100.374,0,0.1,0.328547,0.1,0.428547
144,6,Kamarpara,Station Road,100.424,100.424,100.524,100.988,0,0.1,0.464527,0.1,0.564527
148,3,Kamarpara,Station Road,102.45,102.45,105.527,105.741,0,3.07679,0.21481,3.07679,3.2916
149,3,Kamarpara,Station Road,103.223,103.223,105.527,105.741,0,2.30323,0.21481,2.30323,2.51804
152,3,Kamarpara,Station Road,105.427,105.427,105.527,105.741,0,0.1,0.21481,0.1,0.31481
151,6,Station Road,Kamarpara,104.906,104.906,105.006,106.065,0,0.1,1.0584,0.1,1.1584
110,17,Station Road,Kamarpara,77.229,77.229,104.319,106.169,0,27.0899,1.85024,27.0899,28.9402
150,17,Station Road,Kamarpara,104.219,104.219,104.319,106.169,0,0.1,1.85024,0.1,1.95024
66,19,Station Road,Kamarpara,42.7389,42.7389,107.724,108.54,0,64.9855,0.815933,64.9855,65.8015
102,19,Station Road,Kamarpara,74.9814,74.9814,107.724,108.54,0,32.7429,0.815933,32.7429,33.5589
146,19,Station Road,Kamarpara,100.847,100.847,107.724,108.54,0,6.87712,0.815933,6.87712,7.69305
154,19,Station Road,Kamarpara,107.624,107.624,107.724,108.54,0,0.1,0.815933,0.1,0.915933
156,6,Kamarpara,Station Road,111.027,111.027,111.127,113.3,0,0.1,2.17296,0.1,2.27296
153,17,Kamarpara,Station Road,106.978,106.978,111.599,113.7,0,4.62087,2.10129,4.62087,6.72216
157,17,Kamarpara,Station Road,111.499,111.499,111.599,113.7,0,0.1,2.10129,0.1,2.20129
155,19,Kamarpara,Station Road,110.489,110.489,114.428,115.381,0,3.93952,0.952691,3.93952,4.89222
158,19,Kamarpara,Station Road,112.029,112.029,114.428,115.381,0,2.3994,0.952691,2.3994,3.35209
160,19,Kamarpara,Station Road,114.088,114.088,114.428,115.381,0,0.340134,0.952691,0.340134,1.29283
161,19,Kamarpara,Station Road,114.328,114.328,114.428,115.381,0,0.1,0.952691,0.1,1.05269
51,5,Station Road,Kamarpara,35.6048,35.6048,117.937,118.028,0,82.3323,0.0910075,82.3323,82.4233
84,5,Station Road,Kamarpara,57.9624,57.9624,117.937,118.028,0,59.9747,0.0910075,59.9747,60.0657
95,5,Station Road,Kamarpara,66.2208,66.2208,117.937,118.028,0,51.7164,0.0910075,51.7164,51.8074
140,5,Station Road,Kamarpara,99.3885,99.3885,117.937,118.028,0,18.5486,0.0910075,18.5486,18.6396
165,5,Station Road,Kamarpara,117.837,117.837,117.937,118.028,0,0.1,0.0910075,0.1,0.191007
168,16,Station Road,Kamarpara,119.111,119.111,119.211,120.134,0,0.1,0.923206,0.1,1.02321
169,16,Kamarpara,Station Road,120.575,120.575,120.675,121.1,0,0.1,0.425429,0.1,0.525429
163,5,Kamarpara,Station Road,116.24,118.028,121.626,121.907,1.78783,3.59815,0.280418,5.38598,5.66639
164,5,Kamarpara,Station Road,116.462,118.028,121.626,121.907,1.56625,3.59815,0.280418,5.1644,5.44481
166,5,Kamarpara,Station Road,118.06,118.06,121.626,121.907,0,3.56609,0.280418,3.56609,3.84651
167,5,Kamarpara,Station Road,118.921,118.921,121.626,121.907,0,2.70566,0.280418,2.70566,2.98608
170,5,Kamarpara,Station Road,121.526,121.526,121.626,121.907,0,0.1,0.280418,0.1,0.380418
175,1,Station Road,Kamarpara,124.383,124.383,124.483,125.192,0,0.1,0.709583,0.1,0.809583
171,1,Kamarpara,Station Road,122.214,125.192,125.292,127.33,2.97779,0.1,2.03758,3.07779,5.11537
174,1,Kamarpara,Station Road,124.272,125.192,125.292,127.33,0.920557,0.1,2.03758,1.02056,3.05814
173,11,Station Road,Kamarpara,124.106,124.106,124.206,127.637,0,0.1,3.43087,0.1,3.53087
176,11,Kamarpara,Station Road,126.554,127.637,127.737,127.888,1.08283,0.1,0.150968,1.18283,1.3338
177,11,Kamarpara,Station Road,127.311,127.637,127.737,127.888,0.325555,0.1,0.150968,0.425555,0.576523
182,12,Station Road,Kamarpara,128.947,128.947,134.799,135.513,0,5.85245,0.713627,5.85245,6.56608
189,12,Station Road,Kamarpara,134.699,134.699,134.799,135.513,0,0.1,0.713627,0.1,0.813627
179,12,Kamarpara,Station Road,128.359,135.513,135.613,137.639,7.15422,0.1,2.02615,7.25422,9.28037
180,12,Kamarpara,Station Road,128.73,135.513,135.613,137.639,6.7831,0.1,2.02615,6.8831,8.90925
181,12,Kamarpara,Station Road,128.766,135.513,135.613,137.639,6.74689,0.1,2.02615,6.84689,8.87304
183,12,Kamarpara,Station Road,129.958,135.513,135.613,137.639,5.55433,0.1,2.02615,5.65433,7.68048
184,12,Kamarpara,Station Road,131.38,135.513,135.613,137.639,4.13269,0.1,2.02615,4.23269,6.25884
197,12,Station Road,Kamarpara,142.203,142.203,145.987,146.289,0,3.78457,0.30199,3.78457,4.08656
203,12,Station Road,Kamarpara,145.887,145.887,145.987,146.289,0,0.1,0.30199,0.1,0.40199
185,12,Kamarpara,Station Road,132.158,146.289,146.389,148.393,14.1308,0.1,2.00396,14.2308,16.2348
186,12,Kamarpara,Station Road,132.875,146.289,146.389,148.393,13.4146,0.1,2.00396,13.5146,15.5186
187,12,Kamarpara,Station Road,133.776,146.289,146.389,148.393,12.5132,0.1,2.00396,12.6132,14.6171
190,12,Kamarpara,Station Road,136.913,146.289,146.389,148.393,9.37585,0.1,2.00396,9.47585,11.4798
192,12,Kamarpara,Station Road,137.519,146.289,146.389,148.393,8.77002,0.1,2.00396,8.87002,10.874
126,9,Station Road,Kamarpara,90.0512,90.0512,149.431,150.952,0,59.3795,1.52105,59.3795,60.9005
159,9,Station Road,Kamarpara,112.923,112.923,149.431,150.952,0,36.5077,1.52105,36.5077,38.0288
193,9,Station Road,Kamarpara,138.049,138.049,149.431,150.952,0,11.3819,1.52105,11.3819,12.903
205,9,Station Road,Kamarpara,149.331,149.331,149.431,150.952,0,0.1,1.52105,0.1,1.62105
210,1,Station Road,Kamarpara,152.316,152.316,152.416,152.475,0,0.1,0.0585297,0.1,0.15853
135,8,Station Road,Kamarpara,95.0339,95.0339,154.087,154.446,0,59.0526,0.359336,59.0526,59.412
188,8,Station Road,Kamarpara,134.248,134.248,154.087,154.446,0,19.8381,0.359336,19.8381,20.1975
212,8,Station Road,Kamarpara,153.987,153.987,154.087,154.446,0,0.1,0.359336,0.1,0.459336
201,1,Kamarpara,Station Road,145.18,152.475,152.575,154.87,7.29498,0.1,2.29527,7.39498,9.69026
202,1,Kamarpara,Station Road,145.43,152.475,152.575,154.87,7.04501,0.1,2.29527,7.14501,9.44029
206,1,Kamarpara,Station Road,150.281,152.475,152.575,154.87,2.19357,0.1,2.29527,2.29357,4.58885
207,1,Kamarpara,Station Road,150.401,152.475,152.575,154.87,2.0731,0.1,2.29527,2.1731,4.46838
208,1,Kamarpara,Station Road,150.869,152.475,152.575,154.87,1.60572,0.1,2.29527,1.70572,4.001
125,4,Station Road,Kamarpara,89.7697,89.7697,155.1,155.487,0,65.3298,0.387153,65.3298,65.717
178,4,Station Road,Kamarpara,127.836,127.836,155.1,155.487,0,27.2631,0.387153,27.2631,27.6502
209,4,Station Road,Kamarpara,151.255,151.255,155.1,155.487,0,3.84454,0.387153,3.84454,4.23169
214,4,Station Road,Kamarpara,155,155,155.1,155.487,0,0.1,0.387153,0.1,0.487153
194,9,Kamarpara,Station Road,138.833,150.952,151.052,155.804,12.1183,0.1,4.75182,12.2183,16.9702
195,9,Kamarpara,Station Road,138.94,150.952,151.052,155.804,12.0122,0.1,4.75182,12.1122,16.864
196,9,Kamarpara,Station Road,141.988,150.952,151.052,155.804,8.96353,0.1,4.75182,9.06353,13.8153
198,9,Kamarpara,Station Road,142.445,150.952,151.052,155.804,8.50686,0.1,4.75182,8.60686,13.3587
200,9,Kamarpara,Station Road,143.461,150.952,151.052,155.804,7.49028,0.1,4.75182,7.59028,12.3421
211,8,Kamarpara,Station Road,152.375,154.446,155.573,157.604,2.07105,1.12683,2.03137,3.19788,5.22924
213,8,Kamarpara,Station Road,154.939,154.939,155.573,157.604,0,0.633781,2.03137,0.633781,2.66515
215,8,Kamarpara,Station Road,155.473,155.473,155.573,157.604,0,0.1,2.03137,0.1,2.13137
216,11,Station Road,Kamarpara,156.289,156.289,156.389,158.504,0,0.1,2.11488,0.1,2.21488
219,4,Kamarpara,Station Road,156.845,156.845,159.058,159.327,0,2.21291,0.269533,2.21291,2.48244
220,4,Kamarpara,Station Road,158.08,158.08,159.058,159.327,0,0.977446,0.269533,0.977446,1.24698
221,4,Kamarpara,Station Road,158.469,158.469,159.058,159.327,0,0.589143,0.269533,0.589143,0.858676
222,4,Kamarpara,Station Road,158.958,158.958,159.058,159.327,0,0.1,0.269533,0.1,0.369533
224,11,Kamarpara,Station Road,161.669,161.669,161.769,163.221,0,0.1,1.45142,0.1,1.55142
235,16,Station Road,Kamarpara,173.529,173.529,173.629,173.735,0,0.1,0.105948,0.1,0.205948
225,16,Kamarpara,Station Road,161.846,173.735,173.835,176.421,11.8889,0.1,2.58598,11.9889,14.5749
226,16,Kamarpara,Station Road,164.508,173.735,173.835,176.421,9.22729,0.1,2.58598,9.32729,11.9133
227,16,Kamarpara,Station Road,167.88,173.735,173.835,176.421,5.85477,0.1,2.58598,5.95477,8.54075
229,16,Kamarpara,Station Road,169.086,173.735,173.835,176.421,4.64868,0.1,2.58598,4.74868,7.33466
230,16,Kamarpara,Station Road,169.514,173.735,173.835,176.421,4.22086,0.1,2.58598,4.32086,6.90685
237,2,Station Road,Kamarpara,173.949,173.949,176.363,177.75,0,2.41429,1.3865,2.41429,3.80078
239,2,Station Road,Kamarpara,176.263,176.263,176.363,177.75,0,0.1,1.3865,0.1,1.4865
232,2,Kamarpara,Station Road,171.106,177.75,177.85,180.159,6.64406,0.1,2.30947,6.74406,9.05354
233,2,Kamarpara,Station Road,172.99,177.75,177.85,180.159,4.75963,0.1,2.30947,4.85963,7.16911
234,2,Kamarpara,Station Road,173.263,177.75,177.85,180.159,4.48704,0.1,2.30947,4.58704,6.89651
236,2,Kamarpara,Station Road,173.684,177.75,177.85,180.159,4.06574,0.1,2.30947,4.16574,6.47521
238,2,Kamarpara,Station Road,174.399,177.75,177.85,180.159,3.35073,0.1,2.30947,3.45073,5.76021
254,11,Station Road,Kamarpara,190.549,190.549,190.649,191.322,0,0.1,0.672977,0.1,0.772977
240,11,Kamarpara,Station Road,177.44,191.322,191.422,193.075,13.8825,0.1,1.65325,13.9825,15.6357
241,11,Kamarpara,Station Road,178.277,191.322,191.422,193.075,13.045,0.1,1.65325,13.145,14.7983
243,11,Kamarpara,Station Road,182.124,191.322,191.422,193.075,9.19805,0.1,1.65325,9.29805,10.9513
244,11,Kamarpara,Station Road,183.451,191.322,191.422,193.075,7.87101,0.1,1.65325,7.97101,9.62426
247,11,Kamarpara,Station Road,184.627,191.322,191.422,193.075,6.69534,0.1,1.65325,6.79534,8.4486
147,20,Station Road,Kamarpara,101.336,101.336,194.747,194.924,0,93.4111,0.177064,93.4111,93.5882
172,20,Station Road,Kamarpara,122.635,122.635,194.747,194.924,0,72.1117,0.177064,72.1117,72.2888
246,20,Station Road,Kamarpara,184.551,184.551,194.747,194.924,0,10.1962,0.177064,10.1962,10.3733
248,20,Station Road,Kamarpara,185.368,185.368,194.747,194.924,0,9.37929,0.177064,9.37929,9.55635
260,20,Station Road,Kamarpara,194.647,194.647,194.747,194.924,0,0.1,0.177064,0.1,0.277064
191,3,Station Road,Kamarpara,137.504,137.504,192.68,195.083,0,55.1764,2.40291,55.1764,57.5793
253,3,Station Road,Kamarpara,190.178,190.178,192.68,195.083,0,2.50224,2.40291,2.50224,4.90515
257,3,Station Road,Kamarpara,192.58,192.58,192.68,195.083,0,0.1,2.40291,0.1,2.50291
259,3,Kamarpara,Station Road,193.532,195.083,197.621,197.931,1.55082,2.53727,0.310275,4.08809,4.39837
261,3,Kamarpara,Station Road,195.142,195.142,197.621,197.931,0,2.47849,0.310275,2.47849,2.78877
263,3,Kamarpara,Station Road,197.521,197.521,197.621,197.931,0,0.1,0.310275,0.1,0.410275
121,7,Station Road,Kamarpara,85.8024,85.8024,198.243,198.366,0,112.441,0.122836,112.441,112.564
264,7,Station Road,Kamarpara,198.143,198.143,198.243,198.366,0,0.1,0.122836,0.1,0.222836
250,20,Kamarpara,Station Road,187.272,194.924,195.024,199.033,7.65175,0.1,4.00915,7.75175,11.7609
252,20,Kamarpara,Station Road,187.742,194.924,195.024,199.033,7.18194,0.1,4.00915,7.28194,11.2911
255,20,Kamarpara,Station Road,191.593,194.924,195.024,199.033,3.33135,0.1,4.00915,3.43135,7.44049
256,20,Kamarpara,Station Road,192.071,194.924,195.024,199.033,2.85344,0.1,4.00915,2.95344,6.96258
258,20,Kamarpara,Station Road,193.503,194.924,195.024,199.033,1.42109,0.1,4.00915,1.52109,5.53024
265,7,Kamarpara,Station Road,198.308,198.366,198.55,199.192,0.0577979,0.184242,0.641677,0.24204,0.883717
266,7,Kamarpara,Station Road,198.45,198.45,198.55,199.192,0,0.1,0.641677,0.1,0.741677
223,18,Station Road,Kamarpara,159.621,159.621,203.159,203.23,0,43.5383,0.0704992,43.5383,43.6088
245,18,Station Road,Kamarpara,183.677,183.677,203.159,203.23,0,19.4827,0.0704992,19.4827,19.5532
274,18,Station Road,Kamarpara,203.059,203.059,203.159,203.23,0,0.1,0.0704992,0.1,0.170499
268,18,Kamarpara,Station Road,198.889,203.23,203.33,203.711,4.34057,0.1,0.38067,4.44057,4.82124
269,18,Kamarpara,Station Road,199.204,203.23,203.33,203.711,4.02592,0.1,0.38067,4.12592,4.50659
270,18,Kamarpara,Station Road,199.774,203.23,203.33,203.711,3.45565,0.1,0.38067,3.55565,3.93633
271,18,Kamarpara,Station Road,200.372,203.23,203.33,203.711,2.85816,0.1,0.38067,2.95816,3.33883
272,18,Kamarpara,Station Road,201.945,203.23,203.33,203.711,1.28525,0.1,0.38067,1.38525,1.76592
280,11,Station Road,Kamarpara,207.588,207.588,207.688,210.764,0,0.1,3.07617,0.1,3.17617
282,1,Station Road,Kamarpara,209.914,209.914,210.014,211.146,0,0.1,1.13157,0.1,1.23157
275,11,Kamarpara,Station Road,204.031,210.764,210.864,211.419,6.73316,0.1,0.554951,6.83316,7.38812
276,11,Kamarpara,Station Road,206.098,210.764,210.864,211.419,4.66613,0.1,0.554951,4.76613,5.32108
277,11,Kamarpara,Station Road,206.424,210.764,210.864,211.419,4.33977,0.1,0.554951,4.43977,4.99472
278,11,Kamarpara,Station Road,206.836,210.764,210.864,211.419,3.92775,0.1,0.554951,4.02775,4.5827
284,1,Kamarpara,Station Road,211.403,211.403,211.503,212.623,0,0.1,1.11993,0.1,1.21993
28,13,Station Road,Kamarpara,20.765,20.765,214.629,215.846,0,193.864,1.21655,193.864,195.081
204,13,Station Road,Kamarpara,147.014,147.014,214.629,215.846,0,67.6147,1.21655,67.6147,68.8312
287,13,Station Road,Kamarpara,214.529,214.529,214.629,215.846,0,0.1,1.21655,0.1,1.31655
285,13,Kamarpara,Station Road,211.825,215.846,215.946,216.014,4.02073,0.1,0.0679995,4.12073,4.18873
286,13,Kamarpara,Station Road,212.764,215.846,215.946,216.014,3.08133,0.1,0.0679995,3.18133,3.24933
288,13,Kamarpara,Station Road,214.879,215.846,215.946,216.014,0.96662,0.1,0.0679995,1.06662,1.13462
289,13,Kamarpara,Station Road,215.378,215.846,215.946,216.014,0.467916,0.1,0.0679995,0.567916,0.635915
293,16,Station Road,Kamarpara,217.307,217.307,217.407,217.608,0,0.1,0.201429,0.1,0.301429
291,11,Station Road,Kamarpara,216.321,216.321,216.421,217.636,0,0.1,1.21473,0.1,1.31473
294,11,Kamarpara,Station Road,217.835,217.835,217.935,218.675,0,0.1,0.739825,0.1,0.839825
290,16,Kamarpara,Station Road,216.255,217.608,217.708,221.065,1.35307,0.1,3.35655,1.45307,4.80962
292,16,Kamarpara,Station Road,217.185,217.608,217.708,221.065,0.422929,0.1,3.35655,0.522929,3.87948
242,8,Station Road,Kamarpara,181.621,181.621,221.474,222.089,0,39.8531,0.615377,39.8531,40.4685
281,8,Station Road,Kamarpara,208.041,208.041,221.474,222.089,0,13.4326,0.615377,13.4326,14.048
301,8,Station Road,Kamarpara,221.374,221.374,221.474,222.089,0,0.1,0.615377,0.1,0.715377
283,12,Station Road,Kamarpara,211.062,211.062,222.131,222.175,0,11.0686,0.0435495,11.0686,11.1121
305,12,Station Road,Kamarpara,222.031,222.031,222.131,222.175,0,0.1,0.0435495,0.1,0.143549
295,8,Kamarpara,Station Road,218.24,222.089,222.189,222.493,3.84907,0.1,0.303156,3.94907,4.25223
297,8,Kamarpara,Station Road,220.115,222.089,222.189,222.493,1.97464,0.1,0.303156,2.07464,2.37779
298,8,Kamarpara,Station Road,220.262,222.089,222.189,222.493,1.8276,0.1,0.303156,1.9276,2.23075
299,8,Kamarpara,Station Road,220.846,222.089,222.189,222.493,1.24383,0.1,0.303156,1.34383,1.64698
300,8,Kamarpara,Station Road,221.315,222.089,222.189,222.493,0.774014,0.1,0.303156,0.874014,1.17717
303,8,Kamarpara,Station Road,221.694,222.175,222.189,222.493,0.480501,0.0147874,0.303156,0.495288,0.798445
302,1,Station Road,Kamarpara,221.523,221.523,221.623,222.845,0,0.1,1.22181,0.1,1.32181
262,2,Station Road,Kamarpara,195.594,195.594,222.93,223.603,0,27.3363,0.672651,27.3363,28.0089
307,2,Station Road,Kamarpara,222.83,222.83,222.93,223.603,0,0.1,0.672651,0.1,0.772651
310,1,Kamarpara,Station Road,223.498,223.498,223.598,223.87,0,0.1,0.272234,0.1,0.372234
308,12,Kamarpara,Station Road,222.878,222.878,225.478,227.238,0,2.60039,1.75959,2.60039,4.35997
312,12,Kamarpara,Station Road,225.378,225.378,225.478,227.238,0,0.1,1.75959,0.1,1.85959
313,2,Kamarpara,Station Road,226.226,226.226,226.897,228.017,0,0.670857,1.1204,0.670857,1.79126
314,2,Kamarpara,Station Road,226.797,226.797,226.897,228.017,0,0.1,1.1204,0.1,1.2204
217,19,Station Road,Kamarpara,156.514,156.514,227.759,228.237,0,71.2455,0.477426,71.2455,71.7229
267,19,Station Road,Kamarpara,198.699,198.699,227.759,228.237,0,29.0604,0.477426,29.0604,29.5378
279,19,Station Road,Kamarpara,206.99,206.99,227.759,228.237,0,20.7696,0.477426,20.7696,21.2471
317,19,Station Road,Kamarpara,227.659,227.659,227.759,228.237,0,0.1,0.477426,0.1,0.577426
315,19,Kamarpara,Station Road,227.097,228.237,231.103,232.508,1.13981,2.86611,1.40455,4.00592,5.41047
316,19,Kamarpara,Station Road,227.32,228.237,231.103,232.508,0.916507,2.86611,1.40455,3.78262,5.18717
318,19,Kamarpara,Station Road,228.795,228.795,231.103,232.508,0,2.30761,1.40455,2.30761,3.71216
321,19,Kamarpara,Station Road,231.003,231.003,231.103,232.508,0,0.1,1.40455,0.1,1.50455
327,11,Station Road,Kamarpara,233.092,233.092,233.192,233.922,0,0.1,0.730278,0.1,0.830278
322,11,Kamarpara,Station Road,231.188,233.922,234.022,234.364,2.73424,0.1,0.341664,2.83424,3.17591
323,11,Kamarpara,Station Road,231.722,233.922,234.022,234.364,2.19966,0.1,0.341664,2.29966,2.64133
326,7,Station Road,Kamarpara,232.845,232.845,235.137,235.17,0,2.29192,0.0330477,2.29192,2.32497
331,7,Station Road,Kamarpara,235.037,235.037,235.137,235.17,0,0.1,0.0330477,0.1,0.133048
329,7,Kamarpara,Station Road,234.339,235.17,235.27,235.819,0.831114,0.1,0.54967,0.931114,1.48078
330,7,Kamarpara,Station Road,234.45,235.17,235.27,235.819,0.719879,0.1,0.54967,0.819879,1.36955
335,6,Station Road,Kamarpara,236.585,236.585,236.685,237.45,0,0.1,0.765457,0.1,0.865457
334,6,Kamarpara,Station Road,236.263,237.45,237.55,238.782,1.18781,0.1,1.23127,1.28781,2.51909
337,6,Kamarpara,Station Road,237.323,237.45,237.55,238.782,0.127299,0.1,1.23127,0.227299,1.45857
333,2,Station Road,Kamarpara,236.221,236.221,240.464,241.269,0,4.24271,0.805499,4.24271,5.04821
343,2,Station Road,Kamarpara,240.364,240.364,240.464,241.269,0,0.1,0.805499,0.1,0.905499
324,3,Station Road,Kamarpara,231.745,231.745,241.414,241.629,0,9.66914,0.214539,9.66914,9.88368
344,3,Station Road,Kamarpara,240.582,240.582,241.414,241.629,0,0.831727,0.214539,0.831727,1.04627
345,3,Station Road,Kamarpara,241.314,241.314,241.414,241.629,0,0.1,0.214539,0.1,0.314539
338,2,Kamarpara,Station Road,237.82,241.269,241.369,242.319,3.44888,0.1,0.95016,3.54888,4.49904
339,2,Kamarpara,Station Road,238.969,241.269,241.369,242.319,2.30061,0.1,0.95016,2.40061,3.35077
341,2,Kamarpara,Station Road,240.011,241.269,241.369,242.319,1.2583,0.1,0.95016,1.3583,2.30846
342,2,Kamarpara,Station Road,240.131,241.269,241.369,242.319,1.13771,0.1,0.95016,1.23771,2.18787
346,3,Kamarpara,Station Road,241.55,241.629,243.479,243.707,0.0784184,1.85033,0.227604,1.92875,2.15635
347,3,Kamarpara,Station Road,241.741,241.741,243.479,243.707,0,1.73808,0.227604,1.73808,1.96569
348,3,Kamarpara,Station Road,243.379,243.379,243.479,243.707,0,0.1,0.227604,0.1,0.327604
311,15,Station Road,Kamarpara,223.726,223.726,247.917,248.606,0,24.1915,0.688629,24.1915,24.8801
319,15,Station Road,Kamarpara,229.124,229.124,247.917,248.606,0,18.7931,0.688629,18.7931,19.4817
320,15,Station Road,Kamarpara,229.841,229.841,247.917,248.606,0,18.0762,0.688629,18.0762,18.7648
332,15,Station Road,Kamarpara,235.411,235.411,247.917,248.606,0,12.5064,0.688629,12.5064,13.1951
353,15,Station Road,Kamarpara,247.817,247.817,247.917,248.606,0,0.1,0.688629,0.1,0.788629
349,15,Kamarpara,Station Road,243.762,248.606,248.706,250.534,4.84364,0.1,1.82782,4.94364,6.77146
350,15,Kamarpara,Station Road,244.048,248.606,248.706,250.534,4.55805,0.1,1.82782,4.65805,6.48587
352,15,Kamarpara,Station Road,247.011,248.606,248.706,250.534,1.59502,0.1,1.82782,1.69502,3.52284
354,15,Kamarpara,Station Road,247.955,248.606,248.706,250.534,0.650726,0.1,1.82782,0.750726,2.57855
355,15,Kamarpara,Station Road,248.573,248.606,248.706,250.534,0.0333079,0.1,1.82782,0.133308,1.96113
356,1,Station Road,Kamarpara,248.614,248.614,248.714,250.633,0,0.1,1.91862,0.1,2.01862
357,1,Kamarpara,Station Road,249.447,250.633,250.733,250.783,1.18601,0.1,0.0498058,1.28601,1.33582
358,1,Kamarpara,Station Road,249.56,250.633,250.733,250.783,1.07273,0.1,0.0498058,1.17273,1.22253
359,11,Station Road,Kamarpara,250.15,250.15,250.25,251.022,0,0.1,0.77124,0.1,0.87124
360,11,Kamarpara,Station Road,253.507,253.507,253.607,254.184,0,0.1,0.577452,0.1,0.677452
162,17,Station Road,Kamarpara,114.674,114.674,256.793,257.922,0,142.119,1.12894,142.119,143.248
363,17,Station Road,Kamarpara,256.693,256.693,256.793,257.922,0,0.1,1.12894,0.1,1.22894
361,17,Kamarpara,Station Road,255.221,257.922,258.022,262.347,2.7007,0.1,4.32491,2.8007,7.12561
362,17,Kamarpara,Station Road,255.625,257.922,258.022,262.347,2.29753,0.1,4.32491,2.39753,6.72243
364,17,Kamarpara,Station Road,256.761,257.922,258.022,262.347,1.16139,0.1,4.32491,1.26139,5.5863
365,17,Kamarpara,Station Road,257.237,257.922,258.022,262.347,0.685499,0.1,4.32491,0.785499,5.1104
369,16,Station Road,Kamarpara,259.651,259.651,259.751,263.316,0,0.1,3.56481,0.1,3.66481
273,9,Station Road,Kamarpara,202.086,202.086,259.501,263.792,0,57.4147,4.29138,57.4147,61.7061
296,9,Station Road,Kamarpara,219.839,219.839,259.501,263.792,0,39.6614,4.29138,39.6614,43.9528
340,9,Station Road,Kamarpara,239.2,239.2,259.501,263.792,0,20.3006,4.29138,20.3006,24.592
368,9,Station Road,Kamarpara,259.401,259.401,259.501,263.792,0,0.1,4.29138,0.1,4.39138
367,16,Kamarpara,Station Road,259.12,263.316,263.416,264.877,4.19542,0.1,1.4612,4.29542,5.75661
370,16,Kamarpara,Station Road,262.348,263.316,263.416,264.877,0.967205,0.1,1.4612,1.0672,2.5284
371,16,Kamarpara,Station Road,263.228,263.316,263.416,264.877,0.087805,0.1,1.4612,0.187805,1.649
372,9,Kamarpara,Station Road,264.786,264.786,269.509,270.858,0,4.72259,1.34912,4.72259,6.07172
374,9,Kamarpara,Station Road,265.282,265.282,269.509,270.858,0,4.22661,1.34912,4.22661,5.57573
375,9,Kamarpara,Station Road,266.428,266.428,269.509,270.858,0,3.0809,1.34912,3.0809,4.43002
378,9,Kamarpara,Station Road,269.409,269.409,269.509,270.858,0,0.1,1.34912,0.1,1.44912
377,6,Station Road,Kamarpara,268.824,268.824,268.924,272.532,0,0.1,3.60783,0.1,3.70783
379,6,Kamarpara,Station Road,270.394,272.532,272.632,273.237,2.13806,0.1,0.605184,2.23806,2.84324
380,6,Kamarpara,Station Road,271.635,272.532,272.632,273.237,0.896637,0.1,0.605184,0.996637,1.60182
383,16,Station Road,Kamarpara,275.501,275.501,275.601,276.036,0,0.1,0.435008,0.1,0.535008
382,16,Kamarpara,Station Road,275.335,276.036,276.136,277.288,0.701816,0.1,1.15192,0.801816,1.95374
389,6,Station Road,Kamarpara,281.313,281.313,281.413,282.756,0,0.1,1.34319,0.1,1.44319
384,6,Kamarpara,Station Road,278.57,282.756,282.856,283.266,4.18671,0.1,0.409819,4.28671,4.69653
387,6,Kamarpara,Station Road,280.271,282.756,282.856,283.266,2.48518,0.1,0.409819,2.58518,2.995
388,6,Kamarpara,Station Road,280.87,282.756,282.856,283.266,1.88684,0.1,0.409819,1.98684,2.39666
81,10,Station Road,Kamarpara,54.546,54.546,287.389,287.437,0,232.843,0.0473471,232.843,232.891
145,10,Station Road,Kamarpara,100.769,100.769,287.389,287.437,0,186.62,0.0473471,186.62,186.667
218,10,Station Road,Kamarpara,156.548,156.548,287.389,287.437,0,130.842,0.0473471,130.842,130.889
231,10,Station Road,Kamarpara,170.381,170.381,287.389,287.437,0,117.008,0.0473471,117.008,117.056
395,10,Station Road,Kamarpara,287.289,287.289,287.389,287.437,0,0.1,0.0473471,0.1,0.147347
328,12,Station Road,Kamarpara,233.921,233.921,290.256,290.731,0,56.3355,0.474858,56.3355,56.8103
404,12,Station Road,Kamarpara,290.156,290.156,290.256,290.731,0,0.1,0.474858,0.1,0.574858
403,16,Station Road,Kamarpara,290.044,290.044,290.144,291.681,0,0.1,1.53726,0.1,1.63726
392,10,Kamarpara,Station Road,284.442,287.437,289.004,291.818,2.99419,1.56702,2.81425,4.56122,7.37546
393,10,Kamarpara,Station Road,285.389,287.437,289.004,291.818,2.04756,1.56702,2.81425,3.61458,6.42883
394,10,Kamarpara,Station Road,285.466,287.437,289.004,291.818,1.97066,1.56702,2.81425,3.53769,6.35193
396,10,Kamarpara,Station Road,287.841,287.841,289.004,291.818,0,1.16291,2.81425,1.16291,3.97716
399,10,Kamarpara,Station Road,288.904,288.904,289.004,291.818,0,0.1,2.81425,0.1,2.91425
402,12,Kamarpara,Station Road,289.995,290.731,290.831,293.993,0.736065,0.1,3.16219,0.836065,3.99825
405,12,Kamarpara,Station Road,290.605,290.731,290.831,293.993,0.125976,0.1,3.16219,0.225976,3.38816
406,16,Kamarpara,Station Road,291.399,291.681,291.781,294.842,0.281958,0.1,3.06151,0.381958,3.44347
409,6,Station Road,Kamarpara,295.842,295.842,295.942,296.104,0,0.1,0.161819,0.1,0.261819
411,1,Station Road,Kamarpara,296.165,296.165,296.265,296.787,0,0.1,0.522493,0.1,0.622493
407,6,Kamarpara,Station Road,293.452,296.104,296.204,297.041,2.65224,0.1,0.836619,2.75224,3.58886
408,6,Kamarpara,Station Road,294.301,296.104,296.204,297.041,1.80301,0.1,0.836619,1.90301,2.73963
385,3,Station Road,Kamarpara,279.472,279.472,296.129,297.332,0,16.6571,1.20279,16.6571,17.8599
398,3,Station Road,Kamarpara,288.295,288.295,296.129,297.332,0,7.8341,1.20279,7.8341,9.0369
410,3,Station Road,Kamarpara,296.029,296.029,296.129,297.332,0,0.1,1.20279,0.1,1.30279
376,17,Station Road,Kamarpara,267.438,267.438,298.161,298.203,0,30.7232,0.0416944,30.7232,30.7649
415,17,Station Road,Kamarpara,298.061,298.061,298.161,298.203,0,0.1,0.0416944,0.1,0.141694
401,2,Station Road,Kamarpara,289.918,289.918,298.249,299.172,0,8.33123,0.922887,8.33123,9.25412
416,2,Station Road,Kamarpara,298.149,298.149,298.249,299.172,0,0.1,0.922887,0.1,1.02289
412,1,Kamarpara,Station Road,296.54,296.787,296.887,300.31,0.247495,0.1,3.42317,0.347495,3.77067
417,17,Kamarpara,Station Road,298.213,298.213,299.356,301.095,0,1.14283,1.73902,1.14283,2.88186
420,17,Kamarpara,Station Road,299.256,299.256,299.356,301.095,0,0.1,1.73902,0.1,1.83902
413,3,Kamarpara,Station Road,297.473,297.473,300.665,302.62,0,3.19193,1.95472,3.19193,5.14665
421,3,Kamarpara,Station Road,299.464,299.464,300.665,302.62,0,1.20059,1.95472,1.20059,3.15531
425,3,Kamarpara,Station Road,300.565,300.565,300.665,302.62,0,0.1,1.95472,0.1,2.05472
423,2,Kamarpara,Station Road,299.594,299.594,303.196,304.586,0,3.60227,1.39032,3.60227,4.99259
426,2,Kamarpara,Station Road,303.096,303.096,303.196,304.586,0,0.1,1.39032,0.1,1.49032
428,16,Station Road,Kamarpara,304.42,304.42,304.52,306.021,0,0.1,1.5015,0.1,1.6015
429,16,Kamarpara,Station Road,305.681,306.021,306.121,308.104,0.339984,0.1,1.98273,0.439984,2.42271
431,6,Station Road,Kamarpara,307.688,307.688,307.788,308.408,0,0.1,0.619941,0.1,0.719941
430,11,Station Road,Kamarpara,307.136,307.136,307.236,308.587,0,0.1,1.35081,0.1,1.45081
101,14,Station Road,Kamarpara,73.9258,73.9258,308.607,308.985,0,234.681,0.3785,234.681,235.059
142,14,Station Road,Kamarpara,99.9024,99.9024,308.607,308.985,0,208.704,0.3785,208.704,209.083
381,14,Station Road,Kamarpara,274.825,274.825,308.607,308.985,0,33.7819,0.3785,33.7819,34.1604
433,14,Station Road,Kamarpara,308.507,308.507,308.607,308.985,0,0.1,0.3785,0.1,0.4785
336,8,Station Road,Kamarpara,237.113,237.113,310.492,311.526,0,73.3796,1.03347,73.3796,74.413
351,8,Station Road,Kamarpara,246.706,246.706,310.492,311.526,0,63.7857,1.03347,63.7857,64.8192
435,8,Station Road,Kamarpara,310.392,310.392,310.492,311.526,0,0.1,1.03347,0.1,1.13347
373,13,Station Road,Kamarpara,265.254,265.254,314.109,314.134,0,48.8553,0.0250829,48.8553,48.8803
414,13,Station Road,Kamarpara,297.798,297.798,314.109,314.134,0,16.3114,0.0250829,16.3114,16.3365
439,13,Station Road,Kamarpara,314.009,314.009,314.109,314.134,0,0.1,0.0250829,0.1,0.125083
304,18,Station Road,Kamarpara,221.835,221.835,314.08,314.818,0,92.2454,0.737276,92.2454,92.9826
432,18,Station Road,Kamarpara,308.058,308.058,314.08,314.818,0,6.02238,0.737276,6.02238,6.75965
438,18,Station Road,Kamarpara,313.98,313.98,314.08,314.818,0,0.1,0.737276,0.1,0.837276
437,1,Station Road,Kamarpara,313.078,313.078,313.178,314.988,0,0.1,1.80935,0.1,1.90935
390,19,Station Road,Kamarpara,282.12,282.12,316.575,317.093,0,34.4549,0.518328,34.4549,34.9732
391,19,Station Road,Kamarpara,282.762,282.762,316.575,317.093,0,33.8128,0.518328,33.8128,34.3311
400,19,Station Road,Kamarpara,288.916,288.916,316.575,317.093,0,27.6587,0.518328,27.6587,28.177
442,19,Station Road,Kamarpara,316.475,316.475,316.575,317.093,0,0.1,0.518328,0.1,0.618328
419,12,Station Road,Kamarpara,298.783,298.783,317.858,317.904,0,19.0748,0.0464758,19.0748,19.1213
444,12,Station Road,Kamarpara,317.758,317.758,317.858,317.904,0,0.1,0.0464758,0.1,0.146476
434,17,Station Road,Kamarpara,309.632,309.632,319.198,320.985,0,9.56624,1.78733,9.56624,11.3536
446,17,Station Road,Kamarpara,319.098,319.098,319.198,320.985,0,0.1,1.78733,0.1,1.88733
325,20,Station Road,Kamarpara,232.651,232.651,319.733,322.244,0,87.0821,2.51127,87.0821,89.5934
424,20,Station Road,Kamarpara,299.671,299.671,319.733,322.244,0,20.0614,2.51127,20.0614,22.5727
427,20,Station Road,Kamarpara,304.032,304.032,319.733,322.244,0,15.7005,2.51127,15.7005,18.2118
443,20,Station Road,Kamarpara,317.181,317.181,319.733,322.244,0,2.55221,2.51127,2.55221,5.06348
448,20,Station Road,Kamarpara,319.633,319.633,319.733,322.244,0,0.1,2.51127,0.1,2.61127
449,16,Station Road,Kamarpara,321.168,321.168,321.268,323.222,0,0.1,1.95344,0.1,2.05344
452,16,Kamarpara,Station Road,323.956,323.956,324.056,326.424,0,0.1,2.36743,0.1,2.46743
458,6,Kamarpara,Station Road,326.067,326.067,326.167,327.137,0,0.1,0.969728,0.1,1.06973
450,8,Kamarpara,Station Road,322.584,322.584,328.508,328.95,0,5.92415,0.442649,5.92415,6.36679
453,8,Kamarpara,Station Road,324.002,324.002,328.508,328.95,0,4.5054,0.442649,4.5054,4.94805
461,8,Kamarpara,Station Road,328.408,328.408,328.508,328.95,0,0.1,0.442649,0.1,0.542649
445,12,Kamarpara,Station Road,319.096,319.096,328.705,329.464,0,9.60987,0.759069,9.60987,10.3689
462,12,Kamarpara,Station Road,328.605,328.605,328.705,329.464,0,0.1,0.759069,0.1,0.859069
386,7,Station Road,Kamarpara,280.004,280.004,329.604,331.704,0,49.5993,2.10026,49.5993,51.6995
464,7,Station Road,Kamarpara,329.504,329.504,329.604,331.704,0,0.1,2.10026,0.1,2.20026
466,7,Kamarpara,Station Road,331.968,331.968,332.323,332.551,0,0.354654,0.227879,0.354654,0.582533
468,7,Kamarpara,Station Road,332.223,332.223,332.323,332.551,0,0.1,0.227879,0.1,0.327879
470,1,Kamarpara,Station Road,334.215,334.215,334.315,335.199,0,0.1,0.883835,0.1,0.983835
447,18,Kamarpara,Station Road,319.106,319.106,336.053,336.513,0,16.9472,0.459338,16.9472,17.4066
465,18,Kamarpara,Station Road,331.255,331.255,336.053,336.513,0,4.7989,0.459338,4.7989,5.25824
472,18,Kamarpara,Station Road,335.953,335.953,336.053,336.513,0,0.1,0.459338,0.1,0.559338
436,14,Kamarpara,Station Road,311.691,311.691,336.182,336.743,0,24.4911,0.560972,24.4911,25.0521
440,14,Kamarpara,Station Road,314.267,314.267,336.182,336.743,0,21.9152,0.560972,21.9152,22.4761
467,14,Kamarpara,Station Road,332.181,332.181,336.182,336.743,0,4.00093,0.560972,4.00093,4.5619
473,14,Kamarpara,Station Road,336.082,336.082,336.182,336.743,0,0.1,0.560972,0.1,0.660972
477,11,Kamarpara,Station Road,337.949,337.949,338.049,338.572,0,0.1,0.523014,0.1,0.623014
463,17,Kamarpara,Station Road,329.107,329.107,338.579,338.92,0,9.47171,0.341363,9.47171,9.81307
479,17,Kamarpara,Station Road,338.479,338.479,338.579,338.92,0,0.1,0.341363,0.1,0.441363
480,16,Station Road,Kamarpara,338.647,338.647,338.747,339.636,0,0.1,0.889106,0.1,0.989106
199,5,Station Road,Kamarpara,143.365,143.365,339.715,340.049,0,196.349,0.334764,196.349,196.684
249,5,Station Road,Kamarpara,186.753,186.753,339.715,340.049,0,152.961,0.334764,152.961,153.296
306,5,Station Road,Kamarpara,222.443,222.443,339.715,340.049,0,117.272,0.334764,117.272,117.607
476,5,Station Road,Kamarpara,337.51,337.51,339.715,340.049,0,2.20461,0.334764,2.20461,2.53937
482,5,Station Road,Kamarpara,339.615,339.615,339.715,340.049,0,0.1,0.334764,0.1,0.434764
457,20,Kamarpara,Station Road,325.972,325.972,340.401,340.546,0,14.4287,0.144871,14.4287,14.5736
459,20,Kamarpara,Station Road,326.139,326.139,340.401,340.546,0,14.2618,0.144871,14.2618,14.4067
460,20,Kamarpara,Station Road,328.175,328.175,340.401,340.546,0,12.2255,0.144871,12.2255,12.3704
481,20,Kamarpara,Station Road,338.749,338.749,340.401,340.546,0,1.65153,0.144871,1.65153,1.7964
485,20,Kamarpara,Station Road,340.301,340.301,340.401,340.546,0,0.1,0.144871,0.1,0.244871
455,19,Kamarpara,Station Road,324.485,324.485,340.391,340.651,0,15.9063,0.259634,15.9063,16.166
469,19,Kamarpara,Station Road,333.429,333.429,340.391,340.651,0,6.96179,0.259634,6.96179,7.22142
474,19,Kamarpara,Station Road,336.754,336.754,340.391,340.651,0,3.63706,0.259634,3.63706,3.8967
484,19,Kamarpara,Station Road,340.291,340.291,340.391,340.651,0,0.1,0.259634,0.1,0.359634
456,13,Kamarpara,Station Road,324.818,324.818,340.431,340.874,0,15.6136,0.442649,15.6136,16.0562
471,13,Kamarpara,Station Road,335.83,335.83,340.431,340.874,0,4.60186,0.442649,4.60186,5.04451
486,13,Kamarpara,Station Road,340.331,340.331,340.431,340.874,0,0.1,0.442649,0.1,0.542649
491,16,Kamarpara,Station Road,341.784,341.784,341.884,342.441,0,0.1,0.556498,0.1,0.656498
366,15,Station Road,Kamarpara,257.702,257.702,343.154,344.663,0,85.4528,1.50811,85.4528,86.9609
397,15,Station Road,Kamarpara,288.154,288.154,343.154,344.663,0,55.0009,1.50811,55.0009,56.509
418,15,Station Road,Kamarpara,298.603,298.603,343.154,344.663,0,44.5519,1.50811,44.5519,46.06
454,15,Station Road,Kamarpara,324.26,324.26,343.154,344.663,0,18.894,1.50811,18.894,20.4021
494,15,Station Road,Kamarpara,343.054,343.054,343.154,344.663,0,0.1,1.50811,0.1,1.60811
228,4,Station Road,Kamarpara,168.607,168.607,344.068,344.708,0,175.461,0.63983,175.461,176.101
251,4,Station Road,Kamarpara,187.347,187.347,344.068,344.708,0,156.721,0.63983,156.721,157.361
309,4,Station Road,Kamarpara,223.028,223.028,344.068,344.708,0,121.04,0.63983,121.04,121.68
495,4,Station Road,Kamarpara,343.968,343.968,344.068,344.708,0,0.1,0.63983,0.1,0.73983
490,5,Kamarpara,Station Road,341.769,341.769,345.818,345.97,0,4.04849,0.152303,4.04849,4.20079
492,5,Kamarpara,Station Road,342.236,342.236,345.818,345.97,0,3.58138,0.152303,3.58138,3.73368
493,5,Kamarpara,Station Road,342.67,342.67,345.818,345.97,0,3.14816,0.152303,3.14816,3.30047
497,5,Kamarpara,Station Road,344.556,344.556,345.818,345.97,0,1.26144,0.152303,1.26144,1.41375
500,5,Kamarpara,Station Road,345.718,345.718,345.818,345.97,0,0.1,0.152303,0.1,0.252303
503,16,Station Road,Kamarpara,347.674,347.674,347.774,348.454,0,0.1,0.679924,0.1,0.779924
441,3,Station Road,Kamarpara,315.768,315.768,349.928,350.755,0,34.1605,0.826824,34.1605,34.9873
451,3,Station Road,Kamarpara,323.811,323.811,349.928,350.755,0,26.1166,0.826824,26.1166,26.9435
506,3,Station Road,Kamarpara,349.828,349.828,349.928,350.755,0,0.1,0.826824,0.1,0.926824
507,11,Station Road,Kamarpara,350.869,350.869,350.969,352.638,0,0.1,1.66939,0.1,1.76939
511,16,Kamarpara,Station Road,353.266,353.266,353.366,354.636,0,0.1,1.27018,0.1,1.37018
515,11,Kamarpara,Station Road,354.613,354.613,354.713,355.021,0,0.1,0.308271,0.1,0.408271
516,16,Station Road,Kamarpara,355.801,355.801,355.901,356.645,0,0.1,0.744037,0.1,0.844037
518,16,Kamarpara,Station Road,358.423,358.423,358.523,358.963,0,0.1,0.4395,0.1,0.5395
499,4,Kamarpara,Station Road,345.558,345.558,361.712,362.117,0,16.1547,0.404272,16.1547,16.559
501,4,Kamarpara,Station Road,347.12,347.12,361.712,362.117,0,14.5928,0.404272,14.5928,14.9971
519,4,Kamarpara,Station Road,358.587,358.587,361.712,362.117,0,3.12545,0.404272,3.12545,3.52972
522,4,Kamarpara,Station Road,361.612,361.612,361.712,362.117,0,0.1,0.404272,0.1,0.504272
502,15,Kamarpara,Station Road,347.171,347.171,362.312,364.103,0,15.1411,1.79052,15.1411,16.9317
520,15,Kamarpara,Station Road,359.061,359.061,362.312,364.103,0,3.25109,1.79052,3.25109,5.04161
523,15,Kamarpara,Station Road,361.699,361.699,362.312,364.103,0,0.613024,1.79052,0.613024,2.40354
524,15,Kamarpara,Station Road,362.018,362.018,362.312,364.103,0,0.294232,1.79052,0.294232,2.08475
525,15,Kamarpara,Station Road,362.212,362.212,362.312,364.103,0,0.1,1.79052,0.1,1.89052
489,17,Station Road,Kamarpara,341.638,341.638,365.028,366.105,0,23.3898,1.07695,23.3898,24.4668
528,17,Station Road,Kamarpara,364.928,364.928,365.028,366.105,0,0.1,1.07695,0.1,1.17695
514,3,Kamarpara,Station Road,354.265,354.265,364.947,367.302,0,10.6827,2.35482,10.6827,13.0375
526,3,Kamarpara,Station Road,362.322,362.322,364.947,367.302,0,2.62563,2.35482,2.62563,4.98044
527,3,Kamarpara,Station Road,364.847,364.847,364.947,367.302,0,0.1,2.35482,0.1,2.45482
529,17,Kamarpara,Station Road,365.445,366.105,366.205,367.769,0.659604,0.1,1.56363,0.759604,2.32323
530,17,Kamarpara,Station Road,365.446,366.105,366.205,367.769,0.659421,0.1,1.56363,0.759421,2.32305
532,16,Station Road,Kamarpara,367.089,367.089,367.189,369.357,0,0.1,2.16842,0.1,2.26842
531,16,Kamarpara,Station Road,366.931,369.357,369.457,371.23,2.42587,0.1,1.77338,2.52587,4.29925
534,16,Kamarpara,Station Road,368.035,369.357,369.457,371.23,1.32177,0.1,1.77338,1.42177,3.19515
535,16,Kamarpara,Station Road,368.502,369.357,369.457,371.23,0.855529,0.1,1.77338,0.955529,2.72891
536,16,Kamarpara,Station Road,368.723,369.357,369.457,371.23,0.634478,0.1,1.77338,0.734478,2.50786
537,16,Kamarpara,Station Road,368.728,369.357,369.457,371.23,0.629524,0.1,1.77338,0.729524,2.5029
547,1,Station Road,Kamarpara,380.512,380.512,380.612,380.718,0,0.1,0.105824,0.1,0.205824
538,1,Kamarpara,Station Road,369.397,380.718,380.818,383.42,11.3212,0.1,2.60209,11.4212,14.0233
539,1,Kamarpara,Station Road,370.836,380.718,380.818,383.42,9.88205,0.1,2.60209,9.98205,12.5841
540,1,Kamarpara,Station Road,375.142,380.718,380.818,383.42,5.57621,0.1,2.60209,5.67621,8.2783
541,1,Kamarpara,Station Road,376.305,380.718,380.818,383.42,4.41268,0.1,2.60209,4.51268,7.11477
543,1,Kamarpara,Station Road,378.99,380.718,380.818,383.42,1.72793,0.1,2.60209,1.82793,4.43002
553,1,Station Road,Kamarpara,385.838,385.838,385.938,386.717,0,0.1,0.778757,0.1,0.878757
552,16,Station Road,Kamarpara,385.395,385.395,385.495,387.092,0,0.1,1.59726,0.1,1.69726
504,7,Station Road,Kamarpara,349.079,349.079,384.208,387.259,0,35.1293,3.05051,35.1293,38.1798
550,7,Station Road,Kamarpara,384.108,384.108,384.208,387.259,0,0.1,3.05051,0.1,3.15051
545,1,Kamarpara,Station Road,379.994,386.717,386.817,388.064,6.72314,0.1,1.2471,6.82314,8.07024
546,1,Kamarpara,Station Road,380.012,386.717,386.817,388.064,6.70469,0.1,1.2471,6.80469,8.05179
554,1,Kamarpara,Station Road,386.18,386.717,386.817,388.064,0.536995,0.1,1.2471,0.636995,1.8841
555,1,Kamarpara,Station Road,386.643,386.717,386.817,388.064,0.0736655,0.1,1.2471,0.173666,1.42077
557,16,Kamarpara,Station Road,389.168,389.168,389.268,389.274,0,0.1,0.00669341,0.1,0.106693
505,18,Station Road,Kamarpara,349.383,349.383,389.195,389.792,0,39.8114,0.596855,39.8114,40.4082
549,18,Station Road,Kamarpara,382.517,382.517,389.195,389.792,0,6.6782,0.596855,6.6782,7.27505
556,18,Station Road,Kamarpara,389.095,389.095,389.195,389.792,0,0.1,0.596855,0.1,0.696855
558,7,Kamarpara,Station Road,389.198,389.198,389.988,390.726,0,0.790148,0.738102,0.790148,1.52825
559,7,Kamarpara,Station Road,389.888,389.888,389.988,390.726,0,0.1,0.738102,0.1,0.838102
565,16,Station Road,Kamarpara,393.006,393.006,393.106,393.121,0,0.1,0.0150047,0.1,0.115005
548,3,Station Road,Kamarpara,382.115,382.115,390.13,393.919,0,8.0146,3.78928,8.0146,11.8039
551,3,Station Road,Kamarpara,384.256,384.256,390.13,393.919,0,5.87434,3.78928,5.87434,9.66363
560,3,Station Road,Kamarpara,390.03,390.03,390.13,393.919,0,0.1,3.78928,0.1,3.88928
561,18,Kamarpara,Station Road,390.199,390.199,393.738,394.285,0,3.53899,0.546772,3.53899,4.08577
563,18,Kamarpara,Station Road,391.963,391.963,393.738,394.285,0,1.77493,0.546772,1.77493,2.3217
567,18,Kamarpara,Station Road,393.638,393.638,393.738,394.285,0,0.1,0.546772,0.1,0.646772
566,16,Kamarpara,Station Road,393.623,393.623,393.723,394.486,0,0.1,0.762575,0.1,0.862575
568,11,Station Road,Kamarpara,394.504,394.504,394.604,395.938,0,0.1,1.33428,0.1,1.43428
570,11,Kamarpara,Station Road,396.909,396.909,397.009,397.073,0,0.1,0.064219,0.1,0.164219
498,13,Station Road,Kamarpara,345.089,345.089,403.023,403.574,0,57.9338,0.551863,57.9338,58.4857
521,13,Station Road,Kamarpara,360.405,360.405,403.023,403.574,0,42.6172,0.551863,42.6172,43.169
575,13,Station Road,Kamarpara,402.923,402.923,403.023,403.574,0,0.1,0.551863,0.1,0.651863
422,10,Station Road,Kamarpara,299.536,299.536,404.114,405.692,0,104.578,1.57824,104.578,106.156
487,10,Station Road,Kamarpara,340.55,340.55,404.114,405.692,0,63.5642,1.57824,63.5642,65.1424
569,10,Station Road,Kamarpara,396.653,396.653,404.114,405.692,0,7.46092,1.57824,7.46092,9.03916
572,10,Station Road,Kamarpara,397.464,397.464,404.114,405.692,0,6.65021,1.57824,6.65021,8.22845
576,10,Station Road,Kamarpara,404.014,404.014,404.114,405.692,0,0.1,1.57824,0.1,1.67824
571,3,Kamarpara,Station Road,397.053,397.053,404.191,405.855,0,7.13797,1.6636,7.13797,8.80158
573,3,Kamarpara,Station Road,397.527,397.527,404.191,405.855,0,6.66398,1.6636,6.66398,8.32759
577,3,Kamarpara,Station Road,404.091,404.091,404.191,405.855,0,0.1,1.6636,0.1,1.7636
579,16,Station Road,Kamarpara,405.704,405.704,405.804,405.94,0,0.1,0.135568,0.1,0.235568
580,1,Station Road,Kamarpara,405.869,405.869,405.969,407.68,0,0.1,1.71127,0.1,1.81127
508,2,Station Road,Kamarpara,351.149,351.149,406.672,408.866,0,55.5228,2.19397,55.5228,57.7168
583,2,Station Road,Kamarpara,406.572,406.572,406.672,408.866,0,0.1,2.19397,0.1,2.29397
475,14,Station Road,Kamarpara,336.936,336.936,408.103,410.671,0,71.1672,2.568,71.1672,73.7352
488,14,Station Road,Kamarpara,340.908,340.908,408.103,410.671,0,67.1953,2.568,67.1953,69.7633
509,14,Station Road,Kamarpara,351.631,351.631,408.103,410.671,0,56.472,2.568,56.472,59.04
586,14,Station Road,Kamarpara,408.003,408.003,408.103,410.671,0,0.1,2.568,0.1,2.668
588,16,Kamarpara,Station Road,410.599,410.599,410.699,411.262,0,0.1,0.563544,0.1,0.663544
578,13,Kamarpara,Station Road,404.831,404.831,407.726,411.315,0,2.89564,3.58882,2.89564,6.48446
584,13,Kamarpara,Station Road,406.743,406.743,407.726,411.315,0,0.983063,3.58882,0.983063,4.57189
585,13,Kamarpara,Station Road,407.626,407.626,407.726,411.315,0,0.1,3.58882,0.1,3.68882
589,1,Kamarpara,Station Road,411.316,411.316,411.416,411.913,0,0.1,0.496461,0.1,0.596461
591,2,Kamarpara,Station Road,412.04,412.04,415.544,415.568,0,3.50435,0.0240714,3.50435,3.52842
595,2,Kamarpara,Station Road,415.444,415.444,415.544,415.568,0,0.1,0.0240714,0.1,0.124071
483,9,Station Road,Kamarpara,339.886,339.886,419.713,419.732,0,79.8273,0.0189488,79.8273,79.8462
496,9,Station Road,Kamarpara,344.395,344.395,419.713,419.732,0,75.3187,0.0189488,75.3187,75.3377
517,9,Station Road,Kamarpara,357.503,357.503,419.713,419.732,0,62.2108,0.0189488,62.2108,62.2297
598,9,Station Road,Kamarpara,419.613,419.613,419.713,419.732,0,0.1,0.0189488,0.1,0.118949
512,12,Station Road,Kamarpara,353.644,353.644,408.491,420.114,0,54.8463,11.6233,54.8463,66.4696
587,12,Station Road,Kamarpara,408.391,408.391,408.491,420.114,0,0.1,11.6233,0.1,11.7233
603,16,Station Road,Kamarpara,421.399,421.399,421.499,421.688,0,0.1,0.188987,0.1,0.288987
605,1,Station Road,Kamarpara,421.934,421.934,422.034,422.133,0,0.1,0.0987444,0.1,0.198744
478,8,Station Road,Kamarpara,338.165,338.165,421.868,423.42,0,83.7026,1.55196,83.7026,85.2545
582,8,Station Road,Kamarpara,406.31,406.31,421.868,423.42,0,15.5576,1.55196,15.5576,17.1096
604,8,Station Road,Kamarpara,421.768,421.768,421.868,423.42,0,0.1,1.55196,0.1,1.65196
606,12,Kamarpara,Station Road,422.007,422.007,422.891,424.732,0,0.884226,1.84089,0.884226,2.72512
608,12,Kamarpara,Station Road,422.791,422.791,422.891,424.732,0,0.1,1.84089,0.1,1.94089
607,16,Kamarpara,Station Road,422.25,422.25,422.35,425.061,0,0.1,2.71099,0.1,2.81099
613,1,Kamarpara,Station Road,424.558,424.558,424.658,425.921,0,0.1,1.26314,0.1,1.36314
617,16,Station Road,Kamarpara,426.898,426.898,426.998,428.706,0,0.1,1.70723,0.1,1.80723
592,7,Station Road,Kamarpara,412.559,412.559,428.234,428.807,0,15.6756,0.572437,15.6756,16.248
621,7,Station Road,Kamarpara,428.134,428.134,428.234,428.807,0,0.1,0.572437,0.1,0.672437
600,9,Kamarpara,Station Road,420.131,420.131,429.127,429.997,0,8.9962,0.869222,8.9962,9.86542
601,9,Kamarpara,Station Road,420.634,420.634,429.127,429.997,0,8.49311,0.869222,8.49311,9.36233
609,9,Kamarpara,Station Road,422.907,422.907,429.127,429.997,0,6.21993,0.869222,6.21993,7.08915
622,9,Kamarpara,Station Road,429.027,429.027,429.127,429.997,0,0.1,0.869222,0.1,0.969222
623,16,Kamarpara,Station Road,430.103,430.103,430.203,431.725,0,0.1,1.52144,0.1,1.62144
513,5,Station Road,Kamarpara,354.207,354.207,432.59,434.469,0,78.3829,1.87993,78.3829,80.2628
542,5,Station Road,Kamarpara,378.877,378.877,432.59,434.469,0,53.7128,1.87993,53.7128,55.5928
593,5,Station Road,Kamarpara,412.598,412.598,432.59,434.469,0,19.9915,1.87993,19.9915,21.8714
612,5,Station Road,Kamarpara,423.983,423.983,432.59,434.469,0,8.60634,1.87993,8.60634,10.4863
626,5,Station Road,Kamarpara,432.49,432.49,432.59,434.469,0,0.1,1.87993,0.1,1.97993
590,14,Kamarpara,Station Road,411.75,411.75,434.667,434.689,0,22.9169,0.0227888,22.9169,22.9397
610,14,Kamarpara,Station Road,423.054,423.054,434.667,434.689,0,11.613,0.0227888,11.613,11.6358
611,14,Kamarpara,Station Road,423.316,423.316,434.667,434.689,0,11.3507,0.0227888,11.3507,11.3735
627,14,Kamarpara,Station Road,434.567,434.567,434.667,434.689,0,0.1,0.0227888,0.1,0.122789
624,7,Kamarpara,Station Road,430.722,430.722,435.064,436.065,0,4.34236,1.00128,4.34236,5.34364
628,7,Kamarpara,Station Road,434.964,434.964,435.064,436.065,0,0.1,1.00128,0.1,1.10128
615,8,Kamarpara,Station Road,426.787,426.787,436.044,436.525,0,9.25711,0.480896,9.25711,9.738
616,8,Kamarpara,Station Road,426.84,426.84,436.044,436.525,0,9.2041,0.480896,9.2041,9.685
629,8,Kamarpara,Station Road,435.944,435.944,436.044,436.525,0,0.1,0.480896,0.1,0.580896
544,15,Station Road,Kamarpara,379.943,379.943,438.839,439.18,0,58.8961,0.341313,58.8961,59.2374
564,15,Station Road,Kamarpara,392.205,392.205,438.839,439.18,0,46.6338,0.341313,46.6338,46.9751
630,15,Station Road,Kamarpara,436.861,436.861,438.839,439.18,0,1.97746,0.341313,1.97746,2.31877
631,15,Station Road,Kamarpara,438.015,438.015,438.839,439.18,0,0.82429,0.341313,0.82429,1.1656
632,15,Station Road,Kamarpara,438.739,438.739,438.839,439.18,0,0.1,0.341313,0.1,0.441313
594,10,Kamarpara,Station Road,414.285,414.285,440.26,441.795,0,25.9747,1.53491,25.9747,27.5096
596,10,Kamarpara,Station Road,415.969,415.969,440.26,441.795,0,24.2912,1.53491,24.2912,25.8261
597,10,Kamarpara,Station Road,416.546,416.546,440.26,441.795,0,23.7139,1.53491,23.7139,25.2488
618,10,Kamarpara,Station Road,427.12,427.12,440.26,441.795,0,13.1397,1.53491,13.1397,14.6746
636,10,Kamarpara,Station Road,440.16,440.16,440.26,441.795,0,0.1,1.53491,0.1,1.63491
533,19,Station Road,Kamarpara,367.239,367.239,447.238,447.836,0,79.9982,0.598578,79.9982,80.5967
574,19,Station Road,Kamarpara,402.427,402.427,447.238,447.836,0,44.8106,0.598578,44.8106,45.4092
602,19,Station Road,Kamarpara,420.81,420.81,447.238,447.836,0,26.4272,0.598578,26.4272,27.0258
643,19,Station Road,Kamarpara,447.138,447.138,447.238,447.836,0,0.1,0.598578,0.1,0.698578
647,6,Station Road,Kamarpara,448.118,448.118,448.218,449.136,0,0.1,0.917471,0.1,1.01747
648,16,Station Road,Kamarpara,448.652,448.652,448.752,449.455,0,0.1,0.703407,0.1,0.803407
651,6,Kamarpara,Station Road,450.592,450.592,450.692,451.161,0,0.1,0.469404,0.1,0.569404
633,12,Station Road,Kamarpara,439.055,439.055,450.401,452.61,0,11.3469,2.2084,11.3469,13.5553
649,12,Station Road,Kamarpara,450.301,450.301,450.401,452.61,0,0.1,2.2084,0.1,2.3084
634,5,Kamarpara,Station Road,439.761,439.761,452.885,453.366,0,13.1242,0.481232,13.1242,13.6054
638,5,Kamarpara,Station Road,444.205,444.205,452.885,453.366,0,8.67983,0.481232,8.67983,9.16107
639,5,Kamarpara,Station Road,446.15,446.15,452.885,453.366,0,6.73436,0.481232,6.73436,7.21559
645,5,Kamarpara,Station Road,447.887,447.887,452.885,453.366,0,4.99795,0.481232,4.99795,5.47918
653,5,Kamarpara,Station Road,452.785,452.785,452.885,453.366,0,0.1,0.481232,0.1,0.581232
654,16,Kamarpara,Station Road,453.049,453.049,453.149,454.196,0,0.1,1.04645,0.1,1.14645
640,15,Kamarpara,Station Road,446.346,446.346,456.213,458.347,0,9.86665,2.13409,9.86665,12.0007
644,15,Kamarpara,Station Road,447.73,447.73,456.213,458.347,0,8.48296,2.13409,8.48296,10.617
655,15,Kamarpara,Station Road,453.812,453.812,456.213,458.347,0,2.40142,2.13409,2.40142,4.53551
656,15,Kamarpara,Station Road,454.753,454.753,456.213,458.347,0,1.46026,2.13409,1.46026,3.59434
660,15,Kamarpara,Station Road,456.113,456.113,456.213,458.347,0,0.1,2.13409,0.1,2.23409
663,12,Kamarpara,Station Road,458.915,458.915,460.668,461.746,0,1.7528,1.07821,1.7528,2.83101
664,12,Kamarpara,Station Road,460.568,460.568,460.668,461.746,0,0.1,1.07821,0.1,1.17821
650,19,Kamarpara,Station Road,450.502,450.502,461.142,462.234,0,10.6406,1.09175,10.6406,11.7323
661,19,Kamarpara,Station Road,456.323,456.323,461.142,462.234,0,4.8189,1.09175,4.8189,5.91065
662,19,Kamarpara,Station Road,456.486,456.486,461.142,462.234,0,4.65581,1.09175,4.65581,5.74757
665,19,Kamarpara,Station Road,461.042,461.042,461.142,462.234,0,0.1,1.09175,0.1,1.19175
674,11,Station Road,Kamarpara,465.618,465.618,465.718,467.267,0,0.1,1.54932,0.1,1.64932
669,16,Station Road,Kamarpara,462.684,462.684,462.784,468.15,0,0.1,5.36556,0.1,5.46556
675,16,Kamarpara,Station Road,468.062,468.15,468.25,468.47,0.0879748,0.1,0.220213,0.187975,0.408187
676,16,Kamarpara,Station Road,468.233,468.233,468.25,468.47,0,0.01622,0.220213,0.01622,0.236433
666,11,Kamarpara,Station Road,461.293,467.267,467.367,471.398,5.97391,0.1,4.03102,6.07391,10.1049
667,11,Kamarpara,Station Road,461.656,467.267,467.367,471.398,5.6113,0.1,4.03102,5.7113,9.74231
668,11,Kamarpara,Station Road,462.571,467.267,467.367,471.398,4.69624,0.1,4.03102,4.79624,8.82726
670,11,Kamarpara,Station Road,463.766,467.267,467.367,471.398,3.5012,0.1,4.03102,3.6012,7.63222
672,11,Kamarpara,Station Road,464.577,467.267,467.367,471.398,2.69001,0.1,4.03102,2.79001,6.82103
620,2,Station Road,Kamarpara,428.085,428.085,471.075,475.027,0,42.9903,3.95202,42.9903,46.9423
682,2,Station Road,Kamarpara,470.975,470.975,471.075,475.027,0,0.1,3.95202,0.1,4.05202
677,2,Kamarpara,Station Road,468.827,475.027,475.127,475.324,6.20059,0.1,0.196955,6.30059,6.49754
678,2,Kamarpara,Station Road,468.971,475.027,475.127,475.324,6.05615,0.1,0.196955,6.15615,6.35311
679,2,Kamarpara,Station Road,469.375,475.027,475.127,475.324,5.6518,0.1,0.196955,5.7518,5.94875
680,2,Kamarpara,Station Road,470.833,475.027,475.127,475.324,4.19443,0.1,0.196955,4.29443,4.49138
681,2,Kamarpara,Station Road,470.941,475.027,475.127,475.324,4.0858,0.1,0.196955,4.1858,4.38276
562,17,Station Road,Kamarpara,390.536,390.536,486.923,488.887,0,96.387,1.96386,96.387,98.3509
700,17,Station Road,Kamarpara,486.823,486.823,486.923,488.887,0,0.1,1.96386,0.1,2.06386
641,10,Station Road,Kamarpara,446.364,446.364,489.707,490.118,0,43.3425,0.410984,43.3425,43.7535
646,10,Station Road,Kamarpara,448.107,448.107,489.707,490.118,0,41.6001,0.410984,41.6001,42.0111
686,10,Station Road,Kamarpara,475.436,475.436,489.707,490.118,0,14.271,0.410984,14.271,14.6819
689,10,Station Road,Kamarpara,477.468,477.468,489.707,490.118,0,12.2385,0.410984,12.2385,12.6495
704,10,Station Road,Kamarpara,489.607,489.607,489.707,490.118,0,0.1,0.410984,0.1,0.510984
691,10,Kamarpara,Station Road,478.628,490.118,490.218,491.026,11.49,0.1,0.807972,11.59,12.398
692,10,Kamarpara,Station Road,480.512,490.118,490.218,491.026,9.60609,0.1,0.807972,9.70609,10.5141
693,10,Kamarpara,Station Road,480.541,490.118,490.218,491.026,9.57688,0.1,0.807972,9.67688,10.4849
694,10,Kamarpara,Station Road,480.683,490.118,490.218,491.026,9.4348,0.1,0.807972,9.5348,10.3428
695,10,Kamarpara,Station Road,480.898,490.118,490.218,491.026,9.22016,0.1,0.807972,9.32016,10.1281
683,17,Kamarpara,Station Road,471.228,488.887,488.987,492.539,17.6586,0.1,3.55232,17.7586,21.3109
684,17,Kamarpara,Station Road,472.55,488.887,488.987,492.539,16.3372,0.1,3.55232,16.4372,19.9895
687,17,Kamarpara,Station Road,476.53,488.887,488.987,492.539,12.3575,0.1,3.55232,12.4575,16.0098
688,17,Kamarpara,Station Road,476.815,488.887,488.987,492.539,12.0721,0.1,3.55232,12.1721,15.7244
690,17,Kamarpara,Station Road,477.841,488.887,488.987,492.539,11.0465,0.1,3.55232,11.1465,14.6989
652,9,Station Road,Kamarpara,450.746,450.746,496.177,496.463,0,45.4307,0.286304,45.4307,45.717
657,9,Station Road,Kamarpara,454.858,454.858,496.177,496.463,0,41.3193,0.286304,41.3193,41.6056
671,9,Station Road,Kamarpara,463.928,463.928,496.177,496.463,0,32.2492,0.286304,32.2492,32.5355
712,9,Station Road,Kamarpara,496.077,496.077,496.177,496.463,0,0.1,0.286304,0.1,0.386304
658,14,Station Road,Kamarpara,454.881,454.881,497.13,497.804,0,42.2492,0.673435,42.2492,42.9226
659,14,Station Road,Kamarpara,455.412,455.412,497.13,497.804,0,41.7185,0.673435,41.7185,42.392
673,14,Station Road,Kamarpara,464.772,464.772,497.13,497.804,0,32.3586,0.673435,32.3586,33.0321
714,14,Station Road,Kamarpara,497.03,497.03,497.13,497.804,0,0.1,0.673435,0.1,0.773435
707,14,Kamarpara,Station Road,490.742,497.804,497.904,498.514,7.06145,0.1,0.609959,7.16145,7.77141
708,14,Kamarpara,Station Road,492.005,497.804,497.904,498.514,5.79924,0.1,0.609959,5.89924,6.5092
709,14,Kamarpara,Station Road,493.071,497.804,497.904,498.514,4.73268,0.1,0.609959,4.83268,5.44264
710,14,Kamarpara,Station Road,493.886,497.804,497.904,498.514,3.9176,0.1,0.609959,4.0176,4.62756
711,14,Kamarpara,Station Road,494.306,497.804,497.904,498.514,3.49791,0.1,0.609959,3.59791,4.20787
696,9,Kamarpara,Station Road,481.891,496.463,496.563,498.702,14.5723,0.1,2.13872,14.6723,16.8111
698,9,Kamarpara,Station Road,483.324,496.463,496.563,498.702,13.1388,0.1,2.13872,13.2388,15.3775
699,9,Kamarpara,Station Road,484.707,496.463,496.563,498.702,11.756,0.1,2.13872,11.856,13.9947
701,9,Kamarpara,Station Road,487.075,496.463,496.563,498.702,9.38837,0.1,2.13872,9.48837,11.6271
703,9,Kamarpara,Station Road,488.832,496.463,496.563,498.702,7.6316,0.1,2.13872,7.7316,9.87032
725,11,Station Road,Kamarpara,505.551,505.551,505.651,509.975,0,0.1,4.32369,0.1,4.42369
727,1,Station Road,Kamarpara,506.526,506.526,506.626,511.779,0,0.1,5.1531,0.1,5.2531
713,11,Kamarpara,Station Road,496.459,509.975,510.075,511.994,13.516,0.1,1.91933,13.616,15.5353
717,11,Kamarpara,Station Road,499.294,509.975,510.075,511.994,10.6809,0.1,1.91933,10.7809,12.7002
718,11,Kamarpara,Station Road,499.525,509.975,510.075,511.994,10.4496,0.1,1.91933,10.5496,12.4689
719,11,Kamarpara,Station Road,499.627,509.975,510.075,511.994,10.3472,0.1,1.91933,10.4472,12.3665
720,11,Kamarpara,Station Road,501.831,509.975,510.075,511.994,8.14353,0.1,1.91933,8.24353,10.1629
722,1,Kamarpara,Station Road,503.253,511.779,511.879,513.959,8.52601,0.1,2.07956,8.62601,10.7056
723,1,Kamarpara,Station Road,504.717,511.779,511.879,513.959,7.06184,0.1,2.07956,7.16184,9.24139
726,1,Kamarpara,Station Road,506.07,511.779,511.879,513.959,5.70884,0.1,2.07956,5.80884,7.88839
729,1,Kamarpara,Station Road,508.393,511.779,511.879,513.959,3.38668,0.1,2.07956,3.48668,5.56623
730,1,Kamarpara,Station Road,508.556,511.779,511.879,513.959,3.22305,0.1,2.07956,3.32305,5.4026
705,7,Station Road,Kamarpara,489.622,489.622,507.556,513.994,0,17.9338,6.43777,17.9338,24.3715
728,7,Station Road,Kamarpara,507.456,507.456,507.556,513.994,0,0.1,6.43777,0.1,6.53777
731,7,Kamarpara,Station Road,510.158,513.994,514.094,514.167,3.8363,0.1,0.0725997,3.9363,4.0089
733,7,Kamarpara,Station Road,512.12,513.994,514.094,514.167,1.87403,0.1,0.0725997,1.97403,2.04663
734,7,Kamarpara,Station Road,513.98,513.994,514.094,514.167,0.0138344,0.1,0.0725997,0.113834,0.186434
599,4,Station Road,Kamarpara,419.826,419.826,515.134,516.233,0,95.3078,1.09862,95.3078,96.4064
614,4,Station Road,Kamarpara,426.514,426.514,515.134,516.233,0,88.6205,1.09862,88.6205,89.7191
637,4,Station Road,Kamarpara,443.605,443.605,515.134,516.233,0,71.5293,1.09862,71.5293,72.6279
735,4,Station Road,Kamarpara,515.034,515.034,515.134,516.233,0,0.1,1.09862,0.1,1.19862
736,11,Station Road,Kamarpara,515.15,515.15,515.25,516.908,0,0.1,1.65813,0.1,1.75813
742,11,Kamarpara,Station Road,519.735,519.735,519.835,520.194,0,0.1,0.358319,0.1,0.458319
744,1,Station Road,Kamarpara,520.066,520.066,520.166,521.404,0,0.1,1.23742,0.1,1.33742
743,1,Kamarpara,Station Road,520.018,521.404,521.504,521.895,1.38599,0.1,0.391163,1.48599,1.87716
737,4,Kamarpara,Station Road,515.777,516.233,519.634,523.635,0.455423,3.40164,4.00069,3.85706,7.85775
738,4,Kamarpara,Station Road,516.734,516.734,519.634,523.635,0,2.90007,4.00069,2.90007,6.90076
739,4,Kamarpara,Station Road,516.897,516.897,519.634,523.635,0,2.73766,4.00069,2.73766,6.73835
741,4,Kamarpara,Station Road,519.534,519.534,519.634,523.635,0,0.1,4.00069,0.1,4.10069
625,3,Station Road,Kamarpara,431.449,431.449,522.245,523.834,0,90.7969,1.58894,90.7969,92.3858
635,3,Station Road,Kamarpara,440.13,440.13,522.245,523.834,0,82.1157,1.58894,82.1157,83.7047
746,3,Station Road,Kamarpara,522.145,522.145,522.245,523.834,0,0.1,1.58894,0.1,1.68894
747,3,Kamarpara,Station Road,522.728,523.834,525.082,525.964,1.10629,1.24732,0.881902,2.35361,3.23552
748,3,Kamarpara,Station Road,523.903,523.903,525.082,525.964,0,1.17873,0.881902,1.17873,2.06063
750,3,Kamarpara,Station Road,524.982,524.982,525.082,525.964,0,0.1,0.881902,0.1,0.981902
715,13,Station Road,Kamarpara,498.229,498.229,526.846,527.135,0,28.6173,0.288704,28.6173,28.906
724,13,Station Road,Kamarpara,505.195,505.195,526.846,527.135,0,21.6512,0.288704,21.6512,21.9399
754,13,Station Road,Kamarpara,526.746,526.746,526.846,527.135,0,0.1,0.288704,0.1,0.388704
755,16,Station Road,Kamarpara,529.164,529.164,529.264,529.466,0,0.1,0.20246,0.1,0.30246
757,16,Kamarpara,Station Road,529.949,529.949,530.049,531.165,0,0.1,1.11536,0.1,1.21536
702,12,Station Road,Kamarpara,487.974,487.974,529.846,531.544,0,41.8727,1.6977,41.8727,43.5704
756,12,Station Road,Kamarpara,529.746,529.746,529.846,531.544,0,0.1,1.6977,0.1,1.7977
758,13,Kamarpara,Station Road,530.522,530.522,536.897,537.737,0,6.37434,0.840573,6.37434,7.21491
759,13,Kamarpara,Station Road,530.524,530.524,536.897,537.737,0,6.37211,0.840573,6.37211,7.21268
766,13,Kamarpara,Station Road,536.797,536.797,536.897,537.737,0,0.1,0.840573,0.1,0.940573
767,12,Kamarpara,Station Road,537,537,538.492,539.837,0,1.49126,1.34509,1.49126,2.83635
768,12,Kamarpara,Station Road,538.392,538.392,538.492,539.837,0,0.1,1.34509,0.1,1.44509
642,8,Station Road,Kamarpara,446.624,446.624,540.015,540.526,0,93.391,0.511417,93.391,93.9024
685,8,Station Road,Kamarpara,475.187,475.187,540.015,540.526,0,64.8279,0.511417,64.8279,65.3394
770,8,Station Road,Kamarpara,539.915,539.915,540.015,540.526,0,0.1,0.511417,0.1,0.611417
697,15,Station Road,Kamarpara,482.502,482.502,540.169,541.576,0,57.6673,1.40643,57.6673,59.0737
716,15,Station Road,Kamarpara,499.037,499.037,540.169,541.576,0,41.1326,1.40643,41.1326,42.539
732,15,Station Road,Kamarpara,511.764,511.764,540.169,541.576,0,28.4049,1.40643,28.4049,29.8113
753,15,Station Road,Kamarpara,526.655,526.655,540.169,541.576,0,13.5138,1.40643,13.5138,14.9202
771,15,Station Road,Kamarpara,540.069,540.069,540.169,541.576,0,0.1,1.40643,0.1,1.50643
772,6,Station Road,Kamarpara,540.119,540.119,540.219,542.919,0,0.1,2.70003,0.1,2.80003
581,18,Station Road,Kamarpara,406.243,406.243,542.741,543.385,0,136.498,0.644165,136.498,137.142
721,18,Station Road,Kamarpara,502.542,502.542,542.741,543.385,0,40.1988,0.644165,40.1988,40.843
776,18,Station Road,Kamarpara,542.641,542.641,542.741,543.385,0,0.1,0.644165,0.1,0.744165
775,12,Station Road,Kamarpara,542.062,542.062,542.926,543.789,0,0.863674,0.863044,0.863674,1.72672
777,12,Station Road,Kamarpara,542.826,542.826,542.926,543.789,0,0.1,0.863044,0.1,0.963044
749,4,Station Road,Kamarpara,524.549,524.549,540.971,543.864,0,16.422,2.89354,16.422,19.3155
752,4,Station Road,Kamarpara,526.113,526.113,540.971,543.864,0,14.8579,2.89354,14.8579,17.7515
761,4,Station Road,Kamarpara,532.723,532.723,540.971,543.864,0,8.24777,2.89354,8.24777,11.1413
774,4,Station Road,Kamarpara,540.871,540.871,540.971,543.864,0,0.1,2.89354,0.1,2.99354
769,8,Kamarpara,Station Road,538.502,540.526,543.318,543.986,2.02425,2.79189,0.6675,4.81614,5.48364
773,8,Kamarpara,Station Road,540.861,540.861,543.318,543.986,0,2.45742,0.6675,2.45742,3.12492
778,8,Kamarpara,Station Road,543.218,543.218,543.318,543.986,0,0.1,0.6675,0.1,0.7675
779,6,Kamarpara,Station Road,543.265,543.265,543.365,545.718,0,0.1,2.35306,0.1,2.45306
510,20,Station Road,Kamarpara,351.737,351.737,545.303,546.487,0,193.566,1.18387,193.566,194.75
619,20,Station Road,Kamarpara,427.966,427.966,545.303,546.487,0,117.338,1.18387,117.338,118.521
763,20,Station Road,Kamarpara,533.883,533.883,545.303,546.487,0,11.4199,1.18387,11.4199,12.6037
780,20,Station Road,Kamarpara,543.349,543.349,545.303,546.487,0,1.95392,1.18387,1.95392,3.13779
784,20,Station Road,Kamarpara,545.203,545.203,545.303,546.487,0,0.1,1.18387,0.1,1.28387
783,12,Kamarpara,Station Road,544.56,544.56,545.755,549.721,0,1.19431,3.96652,1.19431,5.16082
785,12,Kamarpara,Station Road,545.655,545.655,545.755,549.721,0,0.1,3.96652,0.1,4.06652
788,4,Kamarpara,Station Road,546.468,546.468,550.316,552.268,0,3.84816,1.95217,3.84816,5.80033
791,4,Kamarpara,Station Road,547.119,547.119,550.316,552.268,0,3.19748,1.95217,3.19748,5.14966
796,4,Kamarpara,Station Road,548.398,548.398,550.316,552.268,0,1.91815,1.95217,1.91815,3.87032
797,4,Kamarpara,Station Road,550.216,550.216,550.316,552.268,0,0.1,1.95217,0.1,2.05217
781,15,Kamarpara,Station Road,543.365,543.365,551.971,552.451,0,8.60536,0.479832,8.60536,9.0852
786,15,Kamarpara,Station Road,545.866,545.866,551.971,552.451,0,6.10455,0.479832,6.10455,6.58438
792,15,Kamarpara,Station Road,547.627,547.627,551.971,552.451,0,4.34394,0.479832,4.34394,4.82377
798,15,Kamarpara,Station Road,550.598,550.598,551.971,552.451,0,1.37275,0.479832,1.37275,1.85258
802,15,Kamarpara,Station Road,551.871,551.871,551.971,552.451,0,0.1,0.479832,0.1,0.579832
790,18,Kamarpara,Station Road,547.041,547.041,551.681,552.942,0,4.64031,1.26083,4.64031,5.90115
799,18,Kamarpara,Station Road,551.366,551.366,551.681,552.942,0,0.314991,1.26083,0.314991,1.57583
800,18,Kamarpara,Station Road,551.581,551.581,551.681,552.942,0,0.1,1.26083,0.1,1.36083
760,3,Station Road,Kamarpara,531.818,531.818,553.046,553.526,0,21.227,0.48056,21.227,21.7076
764,3,Station Road,Kamarpara,534.992,534.992,553.046,553.526,0,18.0533,0.48056,18.0533,18.5339
803,3,Station Road,Kamarpara,552.946,552.946,553.046,553.526,0,0.1,0.48056,0.1,0.58056
805,3,Kamarpara,Station Road,554.077,554.077,558.2,559.389,0,4.12387,1.1881,4.12387,5.31197
807,3,Kamarpara,Station Road,556.544,556.544,558.2,559.389,0,1.65686,1.1881,1.65686,2.84496
808,3,Kamarpara,Station Road,558.1,558.1,558.2,559.389,0,0.1,1.1881,0.1,1.2881
789,20,Kamarpara,Station Road,546.596,546.596,559.114,559.761,0,12.5184,0.646978,12.5184,13.1653
801,20,Kamarpara,Station Road,551.626,551.626,559.114,559.761,0,7.48814,0.646978,7.48814,8.13512
806,20,Kamarpara,Station Road,556.481,556.481,559.114,559.761,0,2.63339,0.646978,2.63339,3.28037
809,20,Kamarpara,Station Road,558.478,558.478,559.114,559.761,0,0.636412,0.646978,0.636412,1.28339
810,20,Kamarpara,Station Road,559.014,559.014,559.114,559.761,0,0.1,0.646978,0.1,0.746978
821,11,Station Road,Kamarpara,568.835,568.835,568.935,569.14,0,0.1,0.205019,0.1,0.305019
811,11,Kamarpara,Station Road,559.155,569.14,569.24,569.483,9.98459,0.1,0.24303,10.0846,10.3276
812,11,Kamarpara,Station Road,561.284,569.14,569.24,569.483,7.85571,0.1,0.24303,7.95571,8.19874
813,11,Kamarpara,Station Road,561.741,569.14,569.24,569.483,7.39899,0.1,0.24303,7.49899,7.74202
814,11,Kamarpara,Station Road,561.768,569.14,569.24,569.483,7.37226,0.1,0.24303,7.47226,7.71529
816,11,Kamarpara,Station Road,562.687,569.14,569.24,569.483,6.45303,0.1,0.24303,6.55303,6.79606
795,2,Station Road,Kamarpara,548.201,548.201,578.27,579.047,0,30.0692,0.776483,30.0692,30.8456
832,2,Station Road,Kamarpara,578.17,578.17,578.27,579.047,0,0.1,0.776483,0.1,0.876483
819,2,Kamarpara,Station Road,565.934,579.047,579.147,579.159,13.113,0.1,0.0126134,13.213,13.2256
820,2,Kamarpara,Station Road,568.05,579.047,579.147,579.159,10.9963,0.1,0.0126134,11.0963,11.1089
823,2,Kamarpara,Station Road,570.58,579.047,579.147,579.159,8.46619,0.1,0.0126134,8.56619,8.57881
824,2,Kamarpara,Station Road,570.888,579.047,579.147,579.159,8.15824,0.1,0.0126134,8.25824,8.27086
825,2,Kamarpara,Station Road,571.666,579.047,579.147,579.159,7.38091,0.1,0.0126134,7.48091,7.49352
833,6,Station Road,Kamarpara,579.032,579.032,579.132,579.998,0,0.1,0.865328,0.1,0.965328
826,6,Kamarpara,Station Road,572.565,579.998,580.098,580.289,7.43203,0.1,0.191608,7.53203,7.72364
827,6,Kamarpara,Station Road,573.321,579.998,580.098,580.289,6.67641,0.1,0.191608,6.77641,6.96801
828,6,Kamarpara,Station Road,573.888,579.998,580.098,580.289,6.10931,0.1,0.191608,6.20931,6.40092
829,6,Kamarpara,Station Road,577.489,579.998,580.098,580.289,2.50823,0.1,0.191608,2.60823,2.79984
831,6,Kamarpara,Station Road,578.032,579.998,580.098,580.289,1.96568,0.1,0.191608,2.06568,2.25728
836,16,Station Road,Kamarpara,581.713,581.713,581.813,585.604,0,0.1,3.79086,0.1,3.89086
834,16,Kamarpara,Station Road,580.297,585.604,585.704,586.242,5.30666,0.1,0.538411,5.40666,5.94507
835,16,Kamarpara,Station Road,581.599,585.604,585.704,586.242,4.00469,0.1,0.538411,4.10469,4.6431
837,16,Kamarpara,Station Road,581.771,585.604,585.704,586.242,3.83302,0.1,0.538411,3.93302,4.47143
838,16,Kamarpara,Station Road,581.862,585.604,585.704,586.242,3.7417,0.1,0.538411,3.8417,4.38012
841,16,Kamarpara,Station Road,583.879,585.604,585.704,586.242,1.72427,0.1,0.538411,1.82427,2.36268
818,17,Station Road,Kamarpara,565.107,565.107,586.073,586.852,0,20.9658,0.778899,20.9658,21.7447
844,17,Station Road,Kamarpara,585.973,585.973,586.073,586.852,0,0.1,0.778899,0.1,0.878899
706,19,Station Road,Kamarpara,490.513,490.513,585.398,587.285,0,94.8847,1.88715,94.8847,96.7718
740,19,Station Road,Kamarpara,517.77,517.77,585.398,587.285,0,67.6283,1.88715,67.6283,69.5155
762,19,Station Road,Kamarpara,533.167,533.167,585.398,587.285,0,52.231,1.88715,52.231,54.1182
843,19,Station Road,Kamarpara,585.298,585.298,585.398,587.285,0,0.1,1.88715,0.1,1.98715
842,17,Kamarpara,Station Road,584.524,586.852,587.53,588.223,2.32819,0.67782,0.693669,3.00601,3.69968
846,17,Kamarpara,Station Road,587.43,587.43,587.53,588.223,0,0.1,0.693669,0.1,0.793669
745,7,Station Road,Kamarpara,520.129,520.129,589.58,591.66,0,69.4509,2.08056,69.4509,71.5314
848,7,Station Road,Kamarpara,589.48,589.48,589.58,591.66,0,0.1,2.08056,0.1,2.18056
853,6,Station Road,Kamarpara,595.322,595.322,595.422,596.688,0,0.1,1.26608,0.1,1.36608
856,7,Kamarpara,Station Road,596.263,596.263,596.435,597.912,0,0.171793,1.47776,0.171793,1.64955
857,7,Kamarpara,Station Road,596.335,596.335,596.435,597.912,0,0.1,1.47776,0.1,1.57776
847,19,Kamarpara,Station Road,588.786,588.786,596.904,599.03,0,8.11798,2.12654,8.11798,10.2445
851,19,Kamarpara,Station Road,594.315,594.315,596.904,599.03,0,2.58924,2.12654,2.58924,4.71578
855,19,Kamarpara,Station Road,595.576,595.576,596.904,599.03,0,1.32777,2.12654,1.32777,3.4543
858,19,Kamarpara,Station Road,596.804,596.804,596.904,599.03,0,0.1,2.12654,0.1,2.22654
804,13,Station Road,Kamarpara,553.251,553.251,602.518,602.791,0,49.267,0.272756,49.267,49.5398
845,13,Station Road,Kamarpara,586.142,586.142,602.518,602.791,0,16.3766,0.272756,16.3766,16.6493
861,13,Station Road,Kamarpara,602.418,602.418,602.518,602.791,0,0.1,0.272756,0.1,0.372756
860,6,Kamarpara,Station Road,602.377,602.377,602.477,602.93,0,0.1,0.452526,0.1,0.552526
862,13,Kamarpara,Station Road,602.807,602.807,603.336,603.364,0,0.528753,0.0282003,0.528753,0.556953
863,13,Kamarpara,Station Road,603.13,603.13,603.336,603.364,0,0.206183,0.0282003,0.206183,0.234383
864,13,Kamarpara,Station Road,603.236,603.236,603.336,603.364,0,0.1,0.0282003,0.1,0.1282
849,2,Station Road,Kamarpara,592.594,592.594,605.813,608.015,0,13.2195,2.20194,13.2195,15.4214
866,2,Station Road,Kamarpara,605.713,605.713,605.813,608.015,0,0.1,2.20194,0.1,2.30194
865,2,Kamarpara,Station Road,605.057,608.015,608.115,608.325,2.95811,0.1,0.209702,3.05811,3.26781
867,2,Kamarpara,Station Road,606.253,608.015,608.115,608.325,1.76208,0.1,0.209702,1.86208,2.07179
869,2,Kamarpara,Station Road,607.009,608.015,608.115,608.325,1.00639,0.1,0.209702,1.10639,1.31609
870,2,Kamarpara,Station Road,607.81,608.015,608.115,608.325,0.204882,0.1,0.209702,0.304882,0.514584
751,14,Station Road,Kamarpara,525.994,525.994,608.946,610.818,0,82.9518,1.87188,82.9518,84.8237
765,14,Station Road,Kamarpara,535.095,535.095,608.946,610.818,0,73.8507,1.87188,73.8507,75.7226
793,14,Station Road,Kamarpara,547.941,547.941,608.946,610.818,0,61.0047,1.87188,61.0047,62.8766
873,14,Station Road,Kamarpara,608.846,608.846,608.946,610.818,0,0.1,1.87188,0.1,1.97188
879,1,Station Road,Kamarpara,610.943,610.943,611.043,611.421,0,0.1,0.377829,0.1,0.477829
874,16,Station Road,Kamarpara,609.868,609.868,609.968,612.538,0,0.1,2.56979,0.1,2.66979
880,1,Kamarpara,Station Road,611.731,611.731,611.831,612.832,0,0.1,1.00043,0.1,1.10043
872,14,Kamarpara,Station Road,608.458,610.818,612.316,615.424,2.35938,1.4979,3.10831,3.85727,6.96558
875,14,Kamarpara,Station Road,609.928,610.818,612.316,615.424,0.889731,1.4979,3.10831,2.38763,5.49594
878,14,Kamarpara,Station Road,610.718,610.818,612.316,615.424,0.0992396,1.4979,3.10831,1.59714,4.70544
881,14,Kamarpara,Station Road,612.216,612.216,612.316,615.424,0,0.1,3.10831,0.1,3.20831
882,16,Kamarpara,Station Road,612.426,612.538,612.638,618.026,0.112345,0.1,5.38808,0.212345,5.60042
893,16,Station Road,Kamarpara,620.532,620.532,620.632,622.09,0,0.1,1.45801,0.1,1.55801
883,16,Kamarpara,Station Road,612.748,622.09,622.19,622.708,9.34165,0.1,0.518039,9.44165,9.95968
885,16,Kamarpara,Station Road,614.235,622.09,622.19,622.708,7.85405,0.1,0.518039,7.95405,8.47209
887,16,Kamarpara,Station Road,617.644,622.09,622.19,622.708,4.44507,0.1,0.518039,4.54507,5.06311
888,16,Kamarpara,Station Road,617.89,622.09,622.19,622.708,4.1992,0.1,0.518039,4.2992,4.81724
891,16,Kamarpara,Station Road,619.425,622.09,622.19,622.708,2.66491,0.1,0.518039,2.76491,3.28295
898,6,Station Road,Kamarpara,623.606,623.606,623.706,625.474,0,0.1,1.7674,0.1,1.8674
892,6,Kamarpara,Station Road,619.769,625.474,625.574,627.193,5.70499,0.1,1.61936,5.80499,7.42435
895,6,Kamarpara,Station Road,621.443,625.474,625.574,627.193,4.0311,0.1,1.61936,4.1311,5.75046
896,6,Kamarpara,Station Road,622.917,625.474,625.574,627.193,2.55659,0.1,1.61936,2.65659,4.27594
897,6,Kamarpara,Station Road,623.549,625.474,625.574,627.193,1.92425,0.1,1.61936,2.02425,3.64361
900,6,Kamarpara,Station Road,625.233,625.474,625.574,627.193,0.240574,0.1,1.61936,0.340574,1.95993
850,12,Station Road,Kamarpara,592.876,592.876,626.732,628.802,0,33.8569,2.06993,33.8569,35.9268
902,12,Station Road,Kamarpara,626.632,626.632,626.732,628.802,0,0.1,2.06993,0.1,2.16993
903,12,Kamarpara,Station Road,627.038,628.802,628.902,629.508,1.76482,0.1,0.605927,1.86482,2.47074
905,12,Kamarpara,Station Road,628.133,628.802,628.902,629.508,0.668959,0.1,0.605927,0.768959,1.37489
906,12,Kamarpara,Station Road,628.393,628.802,628.902,629.508,0.409798,0.1,0.605927,0.509798,1.11573
909,1,Station Road,Kamarpara,632.025,632.025,632.125,632.826,0,0.1,0.701266,0.1,0.801266
910,1,Station Road,Kamarpara,632.054,632.054,632.125,632.826,0,0.0712543,0.701266,0.0712543,0.77252
907,1,Kamarpara,Station Road,630.248,632.826,632.926,634.472,2.57838,0.1,1.54524,2.67838,4.22362
908,1,Kamarpara,Station Road,630.594,632.826,632.926,634.472,2.23293,0.1,1.54524,2.33293,3.87817
911,1,Kamarpara,Station Road,632.71,632.826,632.926,634.472,0.116717,0.1,1.54524,0.216717,1.76196
884,13,Station Road,Kamarpara,614.135,614.135,634.34,635.746,0,20.205,1.40608,20.205,21.6111
890,13,Station Road,Kamarpara,618.689,618.689,634.34,635.746,0,15.6511,1.40608,15.6511,17.0572
917,13,Station Road,Kamarpara,634.24,634.24,634.34,635.746,0,0.1,1.40608,0.1,1.50608
912,13,Kamarpara,Station Road,633.474,635.746,635.846,636.211,2.27277,0.1,0.364584,2.37277,2.73735
913,13,Kamarpara,Station Road,633.481,635.746,635.846,636.211,2.26557,0.1,0.364584,2.36557,2.73016
915,13,Kamarpara,Station Road,633.865,635.746,635.846,636.211,1.88151,0.1,0.364584,1.98151,2.3461
916,13,Kamarpara,Station Road,633.888,635.746,635.846,636.211,1.85807,0.1,0.364584,1.95807,2.32265
919,13,Kamarpara,Station Road,635.257,635.746,635.846,636.211,0.489477,0.1,0.364584,0.589477,0.954061
921,1,Station Road,Kamarpara,636.044,636.044,636.144,636.736,0,0.1,0.591578,0.1,0.691578
920,1,Kamarpara,Station Road,635.984,636.736,636.836,636.978,0.751868,0.1,0.142261,0.851868,0.994128
871,7,Station Road,Kamarpara,607.835,607.835,640.632,641.577,0,32.7969,0.944869,32.7969,33.7418
927,7,Station Road,Kamarpara,640.532,640.532,640.632,641.577,0,0.1,0.944869,0.1,1.04487
922,7,Kamarpara,Station Road,638.599,641.577,641.677,641.869,2.97769,0.1,0.192142,3.07769,3.26984
924,7,Kamarpara,Station Road,639.605,641.577,641.677,641.869,1.97234,0.1,0.192142,2.07234,2.26449
926,7,Kamarpara,Station Road,639.746,641.577,641.677,641.869,1.83133,0.1,0.192142,1.93133,2.12348
929,7,Kamarpara,Station Road,640.889,641.577,641.677,641.869,0.688194,0.1,0.192142,0.788194,0.980335
931,6,Station Road,Kamarpara,642.706,642.706,642.806,644.547,0,0.1,1.74117,0.1,1.84117
904,17,Station Road,Kamarpara,627.099,627.099,639.744,644.577,0,12.6446,4.83295,12.6446,17.4776
925,17,Station Road,Kamarpara,639.644,639.644,639.744,644.577,0,0.1,4.83295,0.1,4.93295
932,6,Kamarpara,Station Road,642.863,644.547,644.647,644.672,1.68429,0.1,0.0254332,1.78429,1.80973
933,6,Kamarpara,Station Road,643.841,644.547,644.647,644.672,0.705893,0.1,0.0254332,0.805893,0.831326
934,6,Kamarpara,Station Road,644.144,644.547,644.647,644.672,0.403044,0.1,0.0254332,0.503044,0.528477
935,17,Kamarpara,Station Road,644.652,644.652,644.991,647.321,0,0.338926,2.33046,0.338926,2.66939
936,17,Kamarpara,Station Road,644.891,644.891,644.991,647.321,0,0.1,2.33046,0.1,2.43046
886,18,Station Road,Kamarpara,615.415,615.415,653.825,654.779,0,38.4102,0.954491,38.4102,39.3646
939,18,Station Road,Kamarpara,649.285,649.285,653.825,654.779,0,4.53991,0.954491,4.53991,5.4944
947,18,Station Road,Kamarpara,653.725,653.725,653.825,654.779,0,0.1,0.954491,0.1,1.05449
937,18,Kamarpara,Station Road,646.398,654.779,654.879,658.304,8.38109,0.1,3.42435,8.48109,11.9054
938,18,Kamarpara,Station Road,647.029,654.779,654.879,658.304,7.75068,0.1,3.42435,7.85068,11.275
940,18,Kamarpara,Station Road,649.731,654.779,654.879,658.304,5.04865,0.1,3.42435,5.14865,8.573
941,18,Kamarpara,Station Road,650.783,654.779,654.879,658.304,3.99618,0.1,3.42435,4.09618,7.52053
942,18,Kamarpara,Station Road,651.03,654.779,654.879,658.304,3.74963,0.1,3.42435,3.84963,7.27398
945,17,Station Road,Kamarpara,652.012,652.012,663.494,663.623,0,11.482,0.129207,11.482,11.6112
961,17,Station Road,Kamarpara,663.394,663.394,663.494,663.623,0,0.1,0.129207,0.1,0.229207
944,17,Kamarpara,Station Road,652.011,663.623,663.723,663.942,11.6125,0.1,0.218212,11.7125,11.9308
948,17,Kamarpara,Station Road,653.857,663.623,663.723,663.942,9.76624,0.1,0.218212,9.86624,10.0844
949,17,Kamarpara,Station Road,654.754,663.623,663.723,663.942,8.8698,0.1,0.218212,8.9698,9.18801
950,17,Kamarpara,Station Road,654.79,663.623,663.723,663.942,8.83363,0.1,0.218212,8.93363,9.15184
951,17,Kamarpara,Station Road,656.758,663.623,663.723,663.942,6.86515,0.1,0.218212,6.96515,7.18336
962,11,Station Road,Kamarpara,663.491,663.491,663.591,664.172,0,0.1,0.580604,0.1,0.680604
953,11,Kamarpara,Station Road,658.265,664.172,664.272,664.371,5.90675,0.1,0.0989508,6.00675,6.1057
955,11,Kamarpara,Station Road,660.108,664.172,664.272,664.371,4.06369,0.1,0.0989508,4.16369,4.26264
956,11,Kamarpara,Station Road,660.283,664.172,664.272,664.371,3.8888,0.1,0.0989508,3.9888,4.08775
957,11,Kamarpara,Station Road,660.726,664.172,664.272,664.371,3.44546,0.1,0.0989508,3.54546,3.64441
958,11,Kamarpara,Station Road,661.184,664.172,664.272,664.371,2.98713,0.1,0.0989508,3.08713,3.18608
794,8,Station Road,Kamarpara,547.954,547.954,668.318,669.191,0,120.364,0.872897,120.364,121.237
830,8,Station Road,Kamarpara,577.612,577.612,668.318,669.191,0,90.7061,0.872897,90.7061,91.579
965,8,Station Road,Kamarpara,668.218,668.218,668.318,669.191,0,0.1,0.872897,0.1,0.972897
959,8,Kamarpara,Station Road,661.686,669.191,669.291,669.616,7.50499,0.1,0.32493,7.60499,7.92992
960,8,Kamarpara,Station Road,663.186,669.191,669.291,669.616,6.00467,0.1,0.32493,6.10467,6.4296
964,8,Kamarpara,Station Road,667.983,669.191,669.291,669.616,1.2083,0.1,0.32493,1.3083,1.63323
876,2,Station Road,Kamarpara,610.326,610.326,675.632,675.925,0,65.3068,0.292555,65.3068,65.5993
975,2,Station Road,Kamarpara,675.532,675.532,675.632,675.925,0,0.1,0.292555,0.1,0.392555
966,2,Kamarpara,Station Road,670.233,675.925,676.025,677.285,5.69161,0.1,1.26,5.79161,7.05161
967,2,Kamarpara,Station Road,670.851,675.925,676.025,677.285,5.07419,0.1,1.26,5.17419,6.43419
968,2,Kamarpara,Station Road,671.331,675.925,676.025,677.285,4.59383,0.1,1.26,4.69383,5.95383
969,2,Kamarpara,Station Road,671.585,675.925,676.025,677.285,4.3397,0.1,1.26,4.4397,5.6997
971,2,Kamarpara,Station Road,671.877,675.925,676.025,677.285,4.0483,0.1,1.26,4.1483,5.40829
822,10,Station Road,Kamarpara,568.968,568.968,679.933,680.289,0,110.965,0.355274,110.965,111.32
854,10,Station Road,Kamarpara,595.359,595.359,679.933,680.289,0,84.574,0.355274,84.574,84.9293
914,10,Station Road,Kamarpara,633.493,633.493,679.933,680.289,0,46.4398,0.355274,46.4398,46.7951
946,10,Station Road,Kamarpara,653.033,653.033,679.933,680.289,0,26.9004,0.355274,26.9004,27.2556
980,10,Station Road,Kamarpara,679.833,679.833,679.933,680.289,0,0.1,0.355274,0.1,0.455274
877,15,Station Road,Kamarpara,610.399,610.399,681.967,682.401,0,71.5682,0.434414,71.5682,72.0026
918,15,Station Road,Kamarpara,634.435,634.435,681.967,682.401,0,47.5324,0.434414,47.5324,47.9668
954,15,Station Road,Kamarpara,658.536,658.536,681.967,682.401,0,23.4309,0.434414,23.4309,23.8654
963,15,Station Road,Kamarpara,664.914,664.914,681.967,682.401,0,17.0529,0.434414,17.0529,17.4873
982,15,Station Road,Kamarpara,681.867,681.867,681.967,682.401,0,0.1,0.434414,0.1,0.534414
978,15,Kamarpara,Station Road,677.466,682.401,682.781,683.001,4.93572,0.379704,0.219394,5.31543,5.53482
979,15,Kamarpara,Station Road,678.477,682.401,682.781,683.001,3.92426,0.379704,0.219394,4.30397,4.52336
981,15,Kamarpara,Station Road,681.451,682.401,682.781,683.001,0.950806,0.379704,0.219394,1.33051,1.5499
983,15,Kamarpara,Station Road,682.125,682.401,682.781,683.001,0.276628,0.379704,0.219394,0.656331,0.875725
985,15,Kamarpara,Station Road,682.681,682.681,682.781,683.001,0,0.1,0.219394,0.1,0.319394
972,10,Kamarpara,Station Road,673.09,680.289,680.389,683.198,7.19904,0.1,2.80955,7.29904,10.1086
973,10,Kamarpara,Station Road,674.022,680.289,680.389,683.198,6.26667,0.1,2.80955,6.36667,9.17622
974,10,Kamarpara,Station Road,674.184,680.289,680.389,683.198,6.10506,0.1,2.80955,6.20506,9.0146
976,10,Kamarpara,Station Road,676.156,680.289,680.389,683.198,4.1328,0.1,2.80955,4.2328,7.04234
977,10,Kamarpara,Station Road,676.739,680.289,680.389,683.198,3.54932,0.1,2.80955,3.64932,6.45887
952,7,Station Road,Kamarpara,657.64,657.64,683.181,684.485,0,25.541,1.30404,25.541,26.8451
987,7,Station Road,Kamarpara,683.081,683.081,683.181,684.485,0,0.1,1.30404,0.1,1.40404
970,17,Station Road,Kamarpara,671.6,671.6,682.759,684.519,0,11.1592,1.76021,11.1592,12.9194
984,17,Station Road,Kamarpara,682.659,682.659,682.759,684.519,0,0.1,1.76021,0.1,1.86021
990,17,Kamarpara,Station Road,685.117,685.117,685.999,686.358,0,0.88203,0.358675,0.88203,1.2407
991,17,Kamarpara,Station Road,685.899,685.899,685.999,686.358,0,0.1,0.358675,0.1,0.458675
859,19,Station Road,Kamarpara,600.638,600.638,686.587,687.39,0,85.9498,0.802306,85.9498,86.7521
923,19,Station Road,Kamarpara,638.903,638.903,686.587,687.39,0,47.6847,0.802306,47.6847,48.4871
930,19,Station Road,Kamarpara,641.452,641.452,686.587,687.39,0,45.1352,0.802306,45.1352,45.9375
993,19,Station Road,Kamarpara,686.487,686.487,686.587,687.39,0,0.1,0.802306,0.1,0.902306
999,6,Station Road,Kamarpara,688.509,688.509,688.609,689.97,0,0.1,1.36108,0.1,1.46108
988,7,Kamarpara,Station Road,683.802,684.485,686.85,690.236,0.68297,2.36478,3.38598,3.04775,6.43372
995,7,Kamarpara,Station Road,686.75,686.75,686.85,690.236,0,0.1,3.38598,0.1,3.48598
996,7,Kamarpara,Station Road,686.762,686.762,686.85,690.236,0,0.0878911,3.38598,0.0878911,3.47387
1004,11,Station Road,Kamarpara,690.155,690.155,690.255,690.719,0,0.1,0.464582,0.1,0.564582
1005,16,Station Road,Kamarpara,690.948,690.948,691.048,691.584,0,0.1,0.536535,0.1,0.636535
998,19,Kamarpara,Station Road,688.463,688.463,691.809,692.512,0,3.34597,0.702805,3.34597,4.04877
1002,19,Kamarpara,Station Road,689.395,689.395,691.809,692.512,0,2.41336,0.702805,2.41336,3.11616
1003,19,Kamarpara,Station Road,689.627,689.627,691.809,692.512,0,2.1821,0.702805,2.1821,2.8849
1006,19,Kamarpara,Station Road,691.709,691.709,691.809,692.512,0,0.1,0.702805,0.1,0.802805
1007,6,Kamarpara,Station Road,692.348,692.348,692.448,692.571,0,0.1,0.122709,0.1,0.222709
1008,6,Kamarpara,Station Road,692.376,692.376,692.448,692.571,0,0.0724032,0.122709,0.0724032,0.195113
1000,1,Station Road,Kamarpara,688.814,688.814,688.914,693.127,0,0.1,4.2124,0.1,4.3124
1010,16,Kamarpara,Station Road,695.12,695.12,695.22,695.777,0,0.1,0.557213,0.1,0.657213
782,9,Station Road,Kamarpara,543.99,543.99,695.973,695.987,0,151.983,0.0141942,151.983,151.997
815,9,Station Road,Kamarpara,562.219,562.219,695.973,695.987,0,133.754,0.0141942,133.754,133.768
889,9,Station Road,Kamarpara,618.514,618.514,695.973,695.987,0,77.4584,0.0141942,77.4584,77.4726
1012,9,Station Road,Kamarpara,695.873,695.873,695.973,695.987,0,0.1,0.0141942,0.1,0.114194
1009,11,Kamarpara,Station Road,693.18,693.18,693.28,696.058,0,0.1,2.77782,0.1,2.87782
1011,1,Kamarpara,Station Road,695.55,695.55,695.65,696.177,0,0.1,0.527602,0.1,0.627602
994,2,Station Road,Kamarpara,686.653,686.653,698.568,699.226,0,11.9145,0.657649,11.9145,12.5721
1019,2,Station Road,Kamarpara,698.468,698.468,698.568,699.226,0,0.1,0.657649,0.1,0.757649
1016,16,Station Road,Kamarpara,697.694,697.694,697.794,700.266,0,0.1,2.47152,0.1,2.57152
1020,16,Kamarpara,Station Road,701.562,701.562,701.662,701.97,0,0.1,0.307442,0.1,0.407442
1021,2,Kamarpara,Station Road,701.671,701.671,704.859,705.368,0,3.18743,0.509466,3.18743,3.6969
1023,2,Kamarpara,Station Road,704.759,704.759,704.859,705.368,0,0.1,0.509466,0.1,0.609466
1013,9,Kamarpara,Station Road,695.944,695.987,703.788,706.882,0.0431767,7.80144,3.09417,7.84461,10.9388
1014,9,Kamarpara,Station Road,696.444,696.444,703.788,706.882,0,7.34374,3.09417,7.34374,10.4379
1018,9,Kamarpara,Station Road,698.387,698.387,703.788,706.882,0,5.40142,3.09417,5.40142,8.49559
1022,9,Kamarpara,Station Road,703.688,703.688,703.788,706.882,0,0.1,3.09417,0.1,3.19417
1041,16,Station Road,Kamarpara,715.198,715.198,715.298,717.418,0,0.1,2.11924,0.1,2.21924
1026,17,Station Road,Kamarpara,706.241,706.241,716.903,717.744,0,10.6618,0.840648,10.6618,11.5024
1044,17,Station Road,Kamarpara,716.803,716.803,716.903,717.744,0,0.1,0.840648,0.1,0.940648
839,20,Station Road,Kamarpara,583.255,583.255,717.982,718.212,0,134.727,0.230124,134.727,134.957
852,20,Station Road,Kamarpara,595.094,595.094,717.982,718.212,0,122.888,0.230124,122.888,123.118
868,20,Station Road,Kamarpara,606.828,606.828,717.982,718.212,0,111.153,0.230124,111.153,111.384
1039,20,Station Road,Kamarpara,713.15,713.15,717.982,718.212,0,4.83223,0.230124,4.83223,5.06235
1046,20,Station Road,Kamarpara,717.882,717.882,717.982,718.212,0,0.1,0.230124,0.1,0.330124
1043,11,Station Road,Kamarpara,716.514,716.514,716.614,718.872,0,0.1,2.2578,0.1,2.3578
1024,16,Kamarpara,Station Road,705.645,717.418,717.518,719.093,11.7722,0.1,1.57568,11.8722,13.4479
1025,16,Kamarpara,Station Road,706.166,717.418,717.518,719.093,11.2516,0.1,1.57568,11.3516,12.9273
1028,16,Kamarpara,Station Road,706.754,717.418,717.518,719.093,10.6633,0.1,1.57568,10.7633,12.3389
1029,16,Kamarpara,Station Road,707.3,717.418,717.518,719.093,10.1182,0.1,1.57568,10.2182,11.7939
1030,16,Kamarpara,Station Road,708.601,717.418,717.518,719.093,8.81685,0.1,1.57568,8.91685,10.4925
1048,11,Kamarpara,Station Road,719.473,719.473,719.573,719.793,0,0.1,0.219303,0.1,0.319303
1033,17,Kamarpara,Station Road,709.005,717.744,717.844,720.425,8.73877,0.1,2.58146,8.83877,11.4202
1034,17,Kamarpara,Station Road,709.408,717.744,717.844,720.425,8.33606,0.1,2.58146,8.43606,11.0175
1035,17,Kamarpara,Station Road,710.637,717.744,717.844,720.425,7.10623,0.1,2.58146,7.20623,9.78769
1037,17,Kamarpara,Station Road,711.163,717.744,717.844,720.425,6.58087,0.1,2.58146,6.68087,9.26233
1038,17,Kamarpara,Station Road,711.634,717.744,717.844,720.425,6.10932,0.1,2.58146,6.20932,8.79079
